Name,Artist,Total_Matches,Found_Words,Matched_Lines,Link
Don't Cry (Original),Guns N' Roses,18,"cry, cry, cry, cry, cry, cry, cry, cry, cry, cry, cry, cry, cry, cry, cry, cry, cry, cry","[cry] Don't hang your head in sorrow and please don't cry | [cry] Don't you cry tonight, I still love you, baby | [cry] And don't you cry tonight | [cry] Don't you cry tonight, there's a heaven above you, baby | [cry] And don't you cry tonight | [cry] And don't you cry tonight | [cry] Don't you cry tonight | [cry] Don't you cry tonight, there's a heaven above you, baby | [cry] And don't you cry tonight | [cry] And don't you cry tonight | [cry] Don't you cry tonight | [cry] Don't you cry tonight, there's a heaven above you, baby | [cry] And don't you cry | [cry] Don't you ever cry | [cry] Don't you cry tonight, baby, maybe someday | [cry] Don't you cry, don't you ever cry | [cry] Don't you cry tonight",https://open.spotify.com/track/2N2yrmodOnVF10mKvItC9P
Lithium,Nirvana,4,"love, love, love, love","[love] I love you, I'm not gonna crack | [love] I love you, I'm not gonna crack | [love] I love you, I'm not gonna crack | [love] I love you, I'm not gonna crack",https://open.spotify.com/track/26D1PRJjD9Jj1JGRk88KVc
Lovefool,The Cardigans,28,"love, love, love, love, love, love, love, love, love, love, love, love, love, love, love, love, love, love, love, love, love, love, love, love, cry, cry, cry, cry","[love] You love me no longer, I know and | [love] Love me, love me | [love] Say that you love me | [love] Love me, love me | [love] Pretend that you love me | [love] Love me, love me | [love] Say that you love me | [love] Love me, love me | [love] Say that you love me | [love] Love me, love me | [love] Pretend that you love me | [love] Love me, love me | [love] Say that you love me | [love] Love me, love me | [love] Say that you love me | [love] Love me, love me | [cry] So I cry, and I pray, and I beg | [cry] So I cry and I beg for you to | [cry] So I cry, and I pray, and I beg | [cry] So I cry and I beg for you to",https://open.spotify.com/track/7aQjPecQdIuNd1sz3KCDhD
Killing Me Softly With His Song,Fugees,6,"pain, pain, pain, pain, pain, pain","[pain] Strumming my pain with his fingers | [pain] Strumming my pain with his fingers (One time, one time) | [pain] Strumming my pain with his fingers (One time, one time) | [pain] Strumming my pain with his fingers (Yes, he was singing) | [pain] Strumming my pain, yeah (Strumming my pain)",https://open.spotify.com/track/0Q0IVlqMV64kNLlwjPj0Hl
Kiss from a Rose,Seal,4,"kiss, kiss, kiss, kiss","[kiss] Baby, I compare you to a kiss from a rose on the grey | [kiss] Baby, I compare you to a kiss from a rose on the grey | [kiss] Baby, I compare you to a kiss from a rose on the grey | [kiss] Yes, I compare you to a kiss from a rose on the grey",https://open.spotify.com/track/3YKptz29AsOlm7WAVnztBh
Say My Name,Destiny's Child,16,"love, love, love, love, love, love, love, love, love, love, love, love, love, love, love, love","[love] If no one is around you, say, ""Baby, I love you"" | [love] If no one is around you, say, ""Baby, I love you"" | [love] If no one is around you, say, ""Baby, I love you"" (Love you) | [love] If no one is around you, say, ""Baby, I love you"" (Ye-yeah, ye-yeah, yeah) | [love] If no one is around you, say, ""Baby, I love you"" (I love you) | [love] If no one is around you, say, ""Baby, I love you"" (If ain't nothin' changed, oh) | [love] If no one is around you, say, ""Baby, I love you"" (If no one is around you) | [love] Say my name, say my name (And tell me what you love to do) | [love] If no one is around you, say, ""Baby, I love you"" (Say, ""Baby, I love you"") | [love] If no one is around you, say, ""Baby, I love you"" (Say, ""Baby, I love you"") | [love] Say, ""Baby, I love you"" (Ye-yeah, ye-yeah, ye-yeah, ye-yeah) | [love] Thou shalt know she can't love you",https://open.spotify.com/track/7H6ev70Weq6DdpZyyTmUXk
Tainted Love,Soft Cell,19,"love, love, love, love, love, love, love, love, love, love, love, love, love, love, love, love, love, love, love","[love] Jones’ “Tainted Love” blew up in… Read More [Instrumental Intro] | [love] The love we share | [love] This tainted love you've given | [love] Oh, tainted love | [love] Tainted love | [love] And you think love is to pray | [love] This tainted love you've given | [love] Oh, tainted love | [love] Tainted love | [love] I love you, though you hurt me so | [love] Tainted love, oh, tainted love, oh | [love] Tainted love, oh, tainted love, oh | [love] Touch me, baby, tainted love | [love] Touch me, baby, tainted love | [love] Tainted love, oh | [love] Tainted love, oh | [love] Tainted love",https://open.spotify.com/track/0cGG2EouYCEEC3xfa0tDFV
Crazy Little Thing Called Love - Remastered 2011,Queen,25,"love, love, love, love, love, love, love, love, love, love, love, love, love, love, love, crazy, crazy, crazy, crazy, crazy, crazy, crazy, crazy, crazy, crazy","[love] This thing called love, I just can't handle it | [love] This thing called love, I must get 'round to it | [love] Crazy little thing called love | [love] Called love (Called love) | [love] Crazy little thing called love | [love] Crazy little thing called love | [love] Crazy little thing called love | [love] This thing called love, I just can't handle it | [love] This thing called love, I must get 'round to it | [love] Crazy little thing called love | [love] Crazy little thing called love, yeah, yeah | [love] Crazy little thing called love, yeah, yeah | [love] Crazy little thing called love, yeah, yeah | [love] Crazy little thing called love, yeah, yeah | [crazy] Crazy little thing called love | [crazy] Crazy little thing called love | [crazy] She drives me crazy | [crazy] Crazy little thing called love | [crazy] Crazy little thing called love | [crazy] Crazy little thing called love | [crazy] Crazy little thing called love, yeah, yeah | [crazy] Crazy little thing called love, yeah, yeah | [crazy] Crazy little thing called love, yeah, yeah | [crazy] Crazy little thing called love, yeah, yeah",https://open.spotify.com/track/6xdLJrVj4vIXwhuG8TMopk
I Want You Back,The Jackson 5,5,"love, love, love, love, love","[love] Oh, baby, give me one more chance (To show you that I love you) | [love] Trying to live without your love is one long, sleepless night | [love] Oh, baby, all I need is one more chance (To show you that I love you) | [love] To show you that I love you | [love] I tell you that I love you",https://open.spotify.com/track/5LxvwujISqiB8vpRYv887S
I Want To Break Free,Queen,5,"love, love, love, love, love","[love] I've fallen in love | [love] I've fallen in love for the first time | [love] I've fallen in love, yeah | [love] God knows, God knows I've fallen in love | [love] I can't get over the way you love me like you do",https://open.spotify.com/track/7iAqvWLgZzXvH38lA06QZg
Every Breath You Take,The Police,4,"smile, smile, smile, smile","[smile] Every smile you fake, every claim you stake | [smile] Every smile you fake, every claim you stake | [smile] (Every smile you fake, every claim you stake) | [smile] (Every smile you fake, every claim you stake)",https://open.spotify.com/track/1JSTJqkT5qHq8MDJnJbRE1
Happy Together,The Turtles,12,"happy, happy, happy, happy, happy, happy, happy, happy, happy, happy, happy, happy","[happy] So happy together | [happy] So happy together | [happy] So happy together | [happy] So happy together | [happy] So happy together | [happy] So happy together | [happy] So happy together (Ba-ba-ba-ba, ba-ba-ba-ba) | [happy] We're happy together (Ba-ba-ba-ba, ba-ba-ba-ba) | [happy] So happy together (Ba-ba-ba-ba, ba-ba-ba-ba) | [happy] Happy together (Ba-ba-ba-ba, ba-ba-ba-ba) | [happy] So happy together (Ba-ba-ba-ba, ba-ba-ba-ba) | [happy] So happy together (Ba-ba-ba-ba, ba-ba-ba-ba)",https://open.spotify.com/track/1JO1xLtVc8mWhIoE3YaCL0
Believer,Imagine Dragons,13,"pain, pain, pain, pain, pain, pain, pain, pain, pain, pain, pain, pain, pain","[pain] Singing from heartache from the pain, taking my message from the veins | [pain] Pain! You made me a, you made me a believer, believer | [pain] Pain! You break me down, you build me up, believer, believer | [pain] Pain, oh, let the bullets fly, oh, let them rain | [pain] Pain! You made me a, you made me a believer, believer | [pain] Pain! You made me a, you made me a believer, believer | [pain] Pain! You break me down, you build me up, believer, believer | [pain] Pain, oh, let the bullets fly, oh, let them rain | [pain] Pain! You made me a, you made me a believer, believer | [pain] Pain! You made me a, you made me a believer, believer | [pain] Pain! You break me down, you build me up, believer, believer | [pain] Pain, oh, let the bullets fly, oh, let them rain | [pain] Pain! You made me a, you made me a believer, believer",https://open.spotify.com/track/0pqnGHJpmpxLKifKRmU6WP
Do I Wanna Know?,Arctic Monkeys,4,"sad, sad, sad, sad","[sad] (Sad to see you go) Was sorta hopin' that you'd stay | [sad] (Sad to see you go) Was sorta hopin' that you'd stay | [sad] (Sad to see you go) Was sorta hopin' that you'd stay | [sad] (Sad to see you go) Ever thought of callin', darlin'?",https://open.spotify.com/track/5FVd6KXrgO9B3JPmC8OPst
Under Pressure,Queen,18,"love, love, love, love, love, love, love, love, love, love, love, love, love, love, love, love, love, love","[love] Keep coming up with love, but it's so slashed and torn | [love] Love, love, love, love, love | [love] Why can't we give love that one more chance? | [love] Why can't we give love, give love, give love, give love | [love] Give love, give love, give love, give love, give love? | [love] And love dares you to care for | [love] And love (People on streets) dares you to change our way of",https://open.spotify.com/track/5oidljiMjeJTWUGZ4TfFea
Feel Good Inc.,Gorillaz,4,"love, love, love, love","[love] Love forever, love is free | [love] Love forever, love is free",https://open.spotify.com/track/0d28khcov6AiegSCpG5TuT
"What Is Love - 7"" Mix",Haddaway,16,"love, love, love, love, love, love, love, love, love, love, love, love, love, love, love, love","[love] What is love? | [love] What is love? Yeah-yeah | [love] I give you my love, but you don't care | [love] What is love? | [love] What is love? | [love] What is love? | [love] What is love? | [love] What is love? | [love] What is love? | [love] What is love? | [love] Is it love? | [love] What is love? | [love] What is love? | [love] What is love? | [love] What is love? | [love] What is love?",https://open.spotify.com/track/0bgkE357h56UcH4tyAnzil
Don't Stop 'Til You Get Enough,Michael Jackson,11,"love, love, love, love, love, love, love, love, love, love, love","[love] Just love me 'til ya don't know how, ooh | [love] Ain't nothing like a love desire, ooh | [love] So let love take us through the hours | [love] 'Cause this is love power, ooh | [love] Eternal love shines in my eyes, ooh (Oh, eternal) | [love] So let love take us through the hours (Oh, let love) | [love] 'Cause your love is alright, alright, ooh | [love] The force is love power | [love] Keep on with the force, don't stop (Love power, yeah) | [love] Keep on with the force, don't stop (Love power)",https://open.spotify.com/track/46eu3SBuFCXWsPT39Yg3tJ
Rain,MIKA,9,"hate, hate, hate, hate, hate, hate, hate, hate, hate","[hate] Baby, I hate days like this | [hate] Baby, I hate days like this | [hate] Baby, I hate days like | [hate] Baby, I hate days like this | [hate] Baby, I hate days like this | [hate] Baby, I hate days like | [hate] Baby, I hate days like this | [hate] Baby, I hate days like this | [hate] Baby, I hate days like",https://open.spotify.com/track/5blWGYRc1tWm5tjzhsJs0J
Lollipop,MIKA,15,"love, love, love, love, love, love, love, love, love, love, love, love, love, love, love","[love] Say love, Say love | [love] Say love, Say love | [love] “Live your life until love is found | [love] Say love | [love] Say love | [love] Cuz love only gets you down | [love] Oh love, come get me down! | [love] Say love | [love] Say love | [love] “Live your life until love is found | [love] Say love | [love] Say love | [love] Cuz love only gets you down",https://open.spotify.com/track/2NjhV99ncY4A5lSkTHvTtU
Crazy,Gnarls Barkley,9,"crazy, crazy, crazy, crazy, crazy, crazy, crazy, crazy, crazy","[crazy] Does that make me crazy? | [crazy] Does that make me crazy? | [crazy] Does that make me crazy? | [crazy] Well, I think you're crazy | [crazy] I think you're crazy | [crazy] I think you're crazy | [crazy] But maybe I'm crazy | [crazy] Maybe you're crazy | [crazy] Maybe we're crazy",https://open.spotify.com/track/1vxw6aYJls2oq3gW0DujAo
This Love,Maroon 5,7,"love, love, love, love, love, love, love","[love] This love has taken its toll on me | [love] Kept playin' love like it was just a game | [love] This love has taken its toll on me | [love] This love has taken its toll on me | [love] This love has taken its toll on me | [love] This love has taken its toll on me (Oh, yeah, yeah) | [love] This love has taken its toll on me",https://open.spotify.com/track/5zF2zGPkL6Ipsn9AfAK6RP
One More Night,Maroon 5,4,"love, love, love, love",[love] Making me love you | [love] Making me love you (Making me love you) | [love] Making me love you,https://open.spotify.com/track/6cpk00i5TxCqSeqNi2HuIe
Shape of You,Ed Sheeran,25,"love, love, love, love, love, love, love, love, love, love, love, love, love, love, love, love, love, love, love, love, love, love, love, love, love","[love] Girl, you know I want your love | [love] Your love was handmade for somebody like me | [love] I'm in love with the shape of you | [love] I'm in love with your body | [love] Well, I'm in love with your body | [love] Well, I'm in love with your body | [love] Well, I'm in love with your body | [love] Well, I'm in love with your body | [love] I'm in love with the shape of you | [love] Girl, you know I want your love | [love] Your love was handmade for somebody like me | [love] I'm in love with the shape of you | [love] I'm in love with your body | [love] Well, I'm in love with your body | [love] Well, I'm in love with your body | [love] Well, I'm in love with your body | [love] Well, I'm in love with your body | [love] I'm in love with the shape of you | [love] I'm in love with the shape of you | [love] I'm in love with your body | [love] Well, I'm in love with your body | [love] I'm in love with your body | [love] I'm in love with your body | [love] I'm in love with your body | [love] I'm in love with the shape of you",https://open.spotify.com/track/7qiZfU4dY1lWllzX7mPBI3
Cake By The Ocean,DNCE,7,"crazy, crazy, crazy, crazy, crazy, crazy, crazy",[crazy] Let's lose our minds and go fucking crazy | [crazy] Let's lose our minds and go fucking crazy | [crazy] Let's lose our minds and go fucking crazy | [crazy] Let's lose our minds and go fucking crazy | [crazy] Let's lose our minds and go fucking crazy (Crazy) | [crazy] Let's lose our minds and go (And go what?) fucking crazy (That's right),https://open.spotify.com/track/76hfruVvmfQbw0eYn1nmeC
Rolling in the Deep,Adele,15,"love, love, love, love, tears, tears, tears, tears, tears, tears, tears, tears, tears, tears, tears","[love] The scars of your love remind me of us | [love] The scars of your love, they leave me breathless | [love] (You're gonna wish you never had met me) The scars of your love remind me of us | [love] (You're gonna wish you never had met me) The scars of your love, they leave me breathless | [tears] Rolling in the deep (Tears are gonna fall, rolling in the deep) | [tears] And you played it to the beat (Tears are gonna fall, rolling in the deep) | [tears] (Tears are gonna fall, rolling in the deep) They keep me thinkin' that we almost had it all | [tears] (Tears are gonna fall, rolling in the deep) I can't help feeling | [tears] Rolling in the deep (Tears are gonna fall, rolling in the deep) | [tears] And you played it to the beat (Tears are gonna fall, rolling in the deep) | [tears] We could've had it all (Tears are gonna fall, rolling in the deep) | [tears] It all, it all, it all (Tears are gonna fall, rolling in the deep) | [tears] Rolling in the deep (Tears are gonna fall, rolling in the deep) | [tears] And you played it to the beat (Tears are gonna fall, rolling in the deep) | [tears] Rolling in the deep (Tears are gonna fall, rolling in the deep)",https://open.spotify.com/track/4OSBTYWVwsQhGLF9NHvIbR
Crazy,Gnarls Barkley,9,"crazy, crazy, crazy, crazy, crazy, crazy, crazy, crazy, crazy","[crazy] Does that make me crazy? | [crazy] Does that make me crazy? | [crazy] Does that make me crazy? | [crazy] Well, I think you're crazy | [crazy] I think you're crazy | [crazy] I think you're crazy | [crazy] But maybe I'm crazy | [crazy] Maybe you're crazy | [crazy] Maybe we're crazy",https://open.spotify.com/track/1vxw6aYJls2oq3gW0DujAo
September,"Earth, Wind & Fire",6,"love, love, love, love, love, love","[love] Love was changin' the minds of pretenders | [love] Only blue talk and love, remember | [love] How we knew love was here to stay | [love] Found a love we shared in September | [love] Only blue talk and love, remember | [love] True love we share today",https://open.spotify.com/track/3kXoKlD84c6OmIcOLfrfEs
Heart Of Glass - Remix,Blondie,4,"love, love, love, love","[love] Once I had a love and it was a gas | [love] Once I had a love and it was divine | [love] Love is so confusing, there's no peace of mind | [love] Once I had a love and it was a gas",https://open.spotify.com/track/2HhBmnL8kVYaevaaCsnMVB
Anyone Who Knows What Love Is (Will Understand),Irma Thomas,5,"love, love, love, love, love","[love] Who knows what love is | [love] (Anyone) Oh, they don't know what happiness and love can be | [love] Who knows what love is | [love] (Anyone) If they try love they'll (Anyone) understand | [love] (Anyone) Everyone needs love (Anyone) so understand",https://open.spotify.com/track/5GWCndQ8ykzf6rYRvwrFcj
Hooked On A Feeling,Blue Swede,7,"love, love, love, love, love, love, love","[love] That you're in love with me | [love] All the good love (Ooga-Chaka, Ooga-Ooga) | [love] That you're in love with me | [love] All the good love | [love] That you're in love with me | [love] That you're in love with me | [love] That you're in love with me",https://open.spotify.com/track/6Ac4NVYYl2U73QiTt11ZKd
Sweet Child O' Mine,Guns N' Roses,4,"love, love, love, love",[love] Sweet love of mine | [love] Sweet love of mine | [love] Sweet love of mine | [love] Sweet love of mine,https://open.spotify.com/track/7o2CTH4ctstm8TNelqjb51
Rasputin,Boney M.,4,"love, love, love, love","[love] Ra-Ra-Rasputin, Russia's greatest love machine | [love] Ra-Ra-Rasputin, Russia's greatest love machine | [love] Ra-Ra-Rasputin, Russia's greatest love machine | [love] Ra-Ra-Rasputin, Russia's greatest love machine",https://open.spotify.com/track/5lWSa1rmuSL6OBPOnkAqoa
Like a Virgin,Madonna,5,"love, love, love, love, love","[love] Gonna give you all my love, boy | [love] Been savin' it all for you 'cause only love can last | [love] Oh, your love thawed out | [love] Yeah, your love thawed out | [love] And you love me",https://open.spotify.com/track/1ZPlNanZsJSPK5h9YZZFbZ
Give Me All Your Luvin',Madonna,16,"love, love, love, love, love, love, love, love, love, love, love, love, love, love, love, love","[love] Gimme all your lovin', give me your love | [love] Give me all your love today | [love] Gimme all your lovin', give me your love | [love] Gimme all your lovin', give me your love | [love] Give me all your love today | [love] Gimme all your lovin', give me your love | [love] (Gimme all your love) | [love] Give me all your love, boy | [love] (Gimme all your love) | [love] Gimme all your lovin', give me your love | [love] (L-U-V, Madonna) (Gimme all your love) | [love] Gimme all your lovin', give me your love | [love] Gimme all your lovin', give me your love | [love] Gimme all your love today (Gimme all your love) | [love] Gimme all your lovin', give me your love",https://open.spotify.com/track/0QXtw4rDLQtpzqPS4uJbZJ
Beautiful Stranger,Madonna,5,"love, love, love, love, love",[love] To know you is to love you | [love] To love you is to be part of you | [love] I fell in love with a beautiful stranger | [love] To know you is to love you | [love] To know you is to love you,https://open.spotify.com/track/3DlRZM6zKSlAZigHbJQ3cp
Hot N Cold,Katy Perry,4,"kiss, kiss, kiss, kiss","[kiss] We kiss, we make up | [kiss] We kiss, we make up | [kiss] We kiss, we make up | [kiss] We kiss, we make up",https://open.spotify.com/track/0iGckQFyv6svOfAbAY9aWJ
One More Time,Daft Punk,14,"dance, dance, dance, dance, dance, dance, dance, dance, dance, dance, dance, dance, dance, dance",[dance] Celebrate and dance so free | [dance] Celebrate and dance so free | [dance] Celebrate and dance so free | [dance] Celebrate and dance so free | [dance] Celebrate and dance so free | [dance] Celebrate and dance so free | [dance] Celebrate and dance so free | [dance] Celebrate and dance so free | [dance] Celebrate and dance so free | [dance] Celebrate and dance so free | [dance] Celebrate and dance so free | [dance] Celebrate and dance so free | [dance] Celebrate and dance so free | [dance] Celebrate and dance so free,https://open.spotify.com/track/0DiWol3AO6WpXZgp0goxAV
Bad Romance,Lady Gaga,36,"love, love, love, love, love, love, love, love, love, love, love, love, love, love, love, love, love, love, love, love, love, love, love, love, love, love, love, love, love, love, love, love, love, love, love, love","[love] I want your love | [love] Love, love, love, I want your love, ayy | [love] I want your love | [love] Love, love, love, I want your love | [love] (Love, love, love, I want your love) | [love] I want your love and I want your revenge | [love] I want your love and all your lover's revenge | [love] I want your love | [love] Love, love, love, I want your love | [love] I want your love | [love] Love, love, love, I want your love | [love] (Love, love, love, I want your love) | [love] I want your love and I want your revenge | [love] I want your love and all your lover's revenge | [love] I want your love and I want your revenge | [love] I want your love, I don't wanna be friends | [love] I want your love and I want your revenge | [love] I want your love and all your lover's revenge",https://open.spotify.com/track/1CZOrmHUUjeDP7N2B4Ba6S
Poker Face,Lady Gaga,4,"love, love, love, love","[love] Fold 'em, let 'em hit me, raise it, baby, stay with me (I love it) | [love] A little gamblin' is fun when you're with me (I love it, woo) | [love] And baby, when it's love, if it's not rough, it isn't fun, fun | [love] I won't tell you that I love you",https://open.spotify.com/track/1QV6tiMFM6fSOKOGLMHYYg
Escape (The Pina Colada Song),Rupert Holmes,5,"love, love, love, love, love",[love] If you like making love at midnight | [love] Then I'm the love that you've looked for | [love] If you like making love at midnight | [love] If you like making love at midnight | [love] Then I'm the love that you've looked for,https://open.spotify.com/track/5IMtdHjJ1OtkxbGe4zfUxQ
A Man Without Love,Engelbert Humperdinck,14,"love, love, love, love, love, love, love, love, love, cry, cry, cry, cry, cry","[love] Sharing a love I thought would last forever | [love] Lonely is a man without love | [love] Lonely is a man without love | [love] Lonely is a man without love | [love] Lonely is a man without love | [love] Lonely is a man without love | [love] Lonely is a man without love | [love] Lonely is a man without love | [love] Lonely is a man without love | [cry] Every day I start out, then I cry my heart out | [cry] Every day I start out, then I cry my heart out | [cry] Every day I start out, then I cry my heart out | [cry] Every day I start out, then I cry my heart out | [cry] Every day I start out, then I cry my heart out",https://open.spotify.com/track/0oUBuOO4g9P4lREqfqR5nq
Hooked On A Feeling,Blue Swede,7,"love, love, love, love, love, love, love","[love] That you're in love with me | [love] All the good love (Ooga-Chaka, Ooga-Ooga) | [love] That you're in love with me | [love] All the good love | [love] That you're in love with me | [love] That you're in love with me | [love] That you're in love with me",https://open.spotify.com/track/6Ac4NVYYl2U73QiTt11ZKd
Don't Worry Be Happy,Bobby McFerrin,30,"happy, happy, happy, happy, happy, happy, happy, happy, happy, happy, happy, happy, happy, happy, happy, happy, happy, happy, happy, happy, happy, happy, happy, happy, happy, happy, happy, happy, happy, happy","[happy] Be happy | [happy] Be happy, don't worry, be happy now | [happy] Don't worry, be happy | [happy] Don't worry, be happy | [happy] Don't worry, be happy | [happy] Don't worry, be happy | [happy] Be happy | [happy] Be happy, look at me, I'm happy | [happy] Don't worry, be happy (Hey, I'll give you my phone number, when you worry, call me, I'll make you happy) | [happy] Don't worry, be happy | [happy] Be happy | [happy] Be happy, don't worry, be happy now | [happy] Don't worry, be happy | [happy] Don't worry, be happy | [happy] Don't worry, be happy | [happy] Don't worry, be happy | [happy] Be happy | [happy] Be happy, be happy now | [happy] Don't worry, be happy | [happy] Don't worry, be happy | [happy] Don't worry, be happy | [happy] Don't worry, be happy | [happy] Don't worry, don't worry, don't do it, be happy | [happy] Don't worry, be happy | [happy] I'm happy",https://open.spotify.com/track/5YbgcwHjQhdT1BYQ4rxWlD
Never Gonna Give You Up,Rick Astley,6,"cry, cry, cry, cry, cry, cry",[cry] Never gonna make you cry | [cry] Never gonna make you cry | [cry] Never gonna make you cry | [cry] Never gonna make you cry | [cry] Never gonna make you cry | [cry] Never gonna make you cry,https://open.spotify.com/track/4cOdK2wGLETKBW3PvgPWqT
Cheri Cheri Lady,Modern Talking,7,"love, love, love, love, love, love, love","[love] Love is where you find it, listen to your heart | [love] Cheri Cheri Lady, to know you is to love you | [love] I've got pain in my heart, got a love in my soul | [love] Love is where you find it, listen to your heart | [love] Cheri Cheri Lady, to know you is to love you | [love] Cheri Cheri Lady, to know you is to love you | [love] Cheri Cheri Lady, to know you is to love you",https://open.spotify.com/track/2aEuA8PSqLa17Y4hKPj5rr
Rock And Roll All Nite,KISS,4,"crazy, crazy, crazy, crazy","[crazy] You drive us wild, we'll drive you crazy | [crazy] You drive us wild, we'll drive you crazy | [crazy] You drive us wild, we'll drive you crazy | [crazy] And you drive us wild, we'll drive you crazy",https://open.spotify.com/track/0fCWbJq1hagsRgShtn6gIU
Can't Take My Eyes Off You,Engelbert Humperdinck,9,"love, love, love, love, love, love, love, love, love","[love] At long last love has arrived | [love] I love you baby, and if it's quite all right | [love] I love you baby, trust in me when I say | [love] And let me love you baby, let me love you | [love] At long last love has arrived | [love] I love you baby, and if it's quite all right | [love] I love you baby, trust in me when I say | [love] I love you baby, trust in me when I say",https://open.spotify.com/track/7oHymG8r14Iv9zn5hFTNax
Dancing Queen,ABBA,5,"dance, dance, dance, dance, dance","[dance] Ooh-ooh, you can dance, you can jive | [dance] You're in the mood for a dance | [dance] You can dance, you can jive | [dance] You're in the mood for a dance | [dance] You can dance, you can jive",https://open.spotify.com/track/0GjEhVFGZW8afUYGChu3Rr
I Will Survive,Gloria Gaynor,11,"love, love, love, love, love, love, love, love, love, love, love","[love] Oh, as long as I know how to love, I know I'll stay alive | [love] I've got all my life to live, and I've got all my love to give | [love] I'm not that chained-up little person still in love with you | [love] Oh, as long as I know how to love, I know I'll stay alive | [love] I've got all my life to live, and I've got all my love to give | [love] Oh, as long as I know how to love, I know I'll stay alive | [love] I've got all my life to live, and I've got all my love to give | [love] I'm not that chained-up little person still in love with you | [love] Oh, as long as I know how to love, I know I'll stay alive | [love] I've got all my life to live, and I've got all my love to give | [love] I've got all my life to live, and I've got so much love to give",https://open.spotify.com/track/7rIovIsXE6kMn629b7kDig
I Will Follow You,Ricky Nelson,14,"love, love, love, love, love, love, love, love, love, love, love, love, love, love","[love] I love you, I love you, I love you | [love] You'll always be my true love, my true love, my true love | [love] Keep me away, away from my love | [love] I love you, I love you, I love you | [love] You'll always be my true love, my true love, my true love | [love] Keep me away, away from my love",https://open.spotify.com/track/4Y6pdMS2PwGshq1MYcJ9fC
A Man Without Love,Engelbert Humperdinck,14,"love, love, love, love, love, love, love, love, love, cry, cry, cry, cry, cry","[love] Sharing a love I thought would last forever | [love] Lonely is a man without love | [love] Lonely is a man without love | [love] Lonely is a man without love | [love] Lonely is a man without love | [love] Lonely is a man without love | [love] Lonely is a man without love | [love] Lonely is a man without love | [love] Lonely is a man without love | [cry] Every day I start out, then I cry my heart out | [cry] Every day I start out, then I cry my heart out | [cry] Every day I start out, then I cry my heart out | [cry] Every day I start out, then I cry my heart out | [cry] Every day I start out, then I cry my heart out",https://open.spotify.com/track/0oUBuOO4g9P4lREqfqR5nq
Lay All Your Love On Me,ABBA,9,"love, love, love, love, love, love, love, love, love",[love] Lay all your love on me | [love] Lay all your love on me | [love] Lay all your love on me | [love] I've had a few little love affairs | [love] Lay all your love on me | [love] Lay all your love on me | [love] Lay all your love on me | [love] Lay all your love on me | [love] Lay all your love on me,https://open.spotify.com/track/4euAGZTszWPrriggYK0HG9
Another Love,Tom Odell,36,"love, love, love, love, love, love, love, love, love, love, love, love, love, love, love, love, love, love, love, love, love, love, love, love, tears, tears, tears, tears, tears, tears, tears, tears, tears, tears, tears, tears","[love] “Another Love” is a confusing one; it’s not a traditional love song. The song, for me, is about trying—really trying with all your heart—to be with someone else and you… Read More [Verse 1] | [love] I wanna cry and I wanna love | [love] On another love, another love | [love] On another love, another love | [love] On another love, another love | [love] And I wanna cry, I wanna learn to love | [love] On another love, another love | [love] On another love, another love | [love] On another love, another love | [love] (Oh, need a love, now) | [love] And I wanna cry, I wanna fall in love | [love] On another love, another love | [love] On another love, another love | [love] On another love, another love | [tears] But all my tears have been used up | [tears] All my tears have been used up | [tears] All my tears have been used up | [tears] All my tears have been used up | [tears] But all my tears have been used up | [tears] All my tears have been used up | [tears] All my tears have been used up | [tears] All my tears have been used up | [tears] But all my tears have been used up | [tears] All my tears have been used up | [tears] All my tears have been used up | [tears] All my tears have been used up",https://open.spotify.com/track/3JvKfv6T31zO0ini8iNItO
Believer,Imagine Dragons,13,"pain, pain, pain, pain, pain, pain, pain, pain, pain, pain, pain, pain, pain","[pain] Singing from heartache from the pain, taking my message from the veins | [pain] Pain! You made me a, you made me a believer, believer | [pain] Pain! You break me down, you build me up, believer, believer | [pain] Pain, oh, let the bullets fly, oh, let them rain | [pain] Pain! You made me a, you made me a believer, believer | [pain] Pain! You made me a, you made me a believer, believer | [pain] Pain! You break me down, you build me up, believer, believer | [pain] Pain, oh, let the bullets fly, oh, let them rain | [pain] Pain! You made me a, you made me a believer, believer | [pain] Pain! You made me a, you made me a believer, believer | [pain] Pain! You break me down, you build me up, believer, believer | [pain] Pain, oh, let the bullets fly, oh, let them rain | [pain] Pain! You made me a, you made me a believer, believer",https://open.spotify.com/track/0pqnGHJpmpxLKifKRmU6WP
Let's Get It On,Marvin Gaye,9,"love, love, love, love, love, love, love, love, love","[love] Let's get it on, let's love, baby | [love] Since we got to be here, let's live, I love you | [love] If the love is true, oh, baby, ooh | [love] Come on, baby, hey, let your love come out | [love] If you believe in love | [love] My whole body wants that feelin' of love, oh, help me, woo | [love] Let your love come down | [love] Nothing wrong with love | [love] If you want to love me, just let yourself go",https://open.spotify.com/track/5yr8pi3uCjTYOnTqstBBdm
Walk Away From Love,David Ruffin,26,"love, love, love, love, love, love, love, love, love, love, love, love, love, love, love, love, love, love, love, love, love, love, love, love, love, love","[love] (I'm gonna walk away from love | [love] I'm gonna walk away from love | [love] It's not that I don't love you | [love] I'm gonna walk away from love (Walk away from love) | [love] Before love, breaks my heart | [love] (I'm gonna walk away from love | [love] I'm gonna walk away from love (Walk away from love) | [love] Before love, breaks my heart | [love] (I'm gonna walk away from love | [love] I'm gonna walk away from love (Walk away from love) | [love] Before love, breaks my heart | [love] It's not that I don't love you (I'm gonna walk away from love) | [love] This time I'm playing it smart (I'm gonna walk away from love) | [love] (I'm gonna walk away from love) | [love] I'd rather have you holdin' on, holdin' on' (I'm gonna walk away from love) | [love] So I'm leavin' (I'm gonna walk away from love) | [love] I'm leavin' baby, yeah (I'm gonna walk away from love) | [love] And it's not that I've found someone new (I'm gonna walk away from love) | [love] I'm leavin' baby, whoo-hoo hoo (I'm gonna walk away from love) | [love] This time I'm playin' it smart (I'm gonna walk away from love) | [love] I'm gonna walk away from love (Gonna walk away, gonna walk away) | [love] Before love breaks my heart (Gonna walk away, gonna walk away)",https://open.spotify.com/track/6elKfVvcYhjGnhBQ6suZfx
Shooting Stars,Bag Raiders,8,"love, love, love, love, love, love, love, love",[love] Gave my love to a shootin' star | [love] I'm in love with a shootin' star | [love] Gave my love to a shootin' star | [love] I'm in love with a shootin' star | [love] Gave my love to a shootin' star | [love] I'm in love with a shootin' star | [love] Gave my love to a shootin' star | [love] I'm in love with a shootin' star,https://open.spotify.com/track/0UeYCHOETPfai02uskjJ3x
Sweater Weather,The Neighbourhood,5,"love, love, love, love, love","[love] One love, two mouths | [love] One love, one house | [love] Put my finger on your tongue 'cause you love the taste, yeah | [love] One love, two mouths | [love] One love, one house",https://open.spotify.com/track/2QjOHCTQ1Jl3zawyYOpxh6
The Game of Love,Daft Punk,8,"love, love, love, love, love, love, love, love",[love] There is a game of love | [love] There is a game of love | [love] This is a game of love | [love] This is a game of love | [love] There is a game of love | [love] There is a game of love | [love] This is a game of love | [love] This is a game of love,https://open.spotify.com/track/3ctALmweZBapfBdFiIVpji
Lose Yourself to Dance (feat. Pharrell Williams),Daft Punk,43,"dance, dance, dance, dance, dance, dance, dance, dance, dance, dance, dance, dance, dance, dance, dance, dance, dance, dance, dance, dance, dance, dance, dance, dance, dance, dance, dance, dance, dance, dance, dance, dance, dance, dance, dance, dance, dance, dance, dance, dance, dance, dance, dance",[dance] Lose yourself to dance | [dance] Lose yourself to dance | [dance] Lose yourself to dance | [dance] Lose yourself to dance | [dance] Lose yourself to dance | [dance] Lose yourself to dance | [dance] Lose yourself to dance | [dance] Lose yourself to dance | [dance] Lose yourself to dance | [dance] Lose yourself to dance | [dance] Lose yourself to dance | [dance] Lose yourself to dance | [dance] Lose yourself to dance | [dance] Lose yourself to dance | [dance] Lose yourself to dance | [dance] Lose yourself to dance | [dance] Lose yourself to dance | [dance] Lose yourself to dance | [dance] Lose yourself to dance | [dance] Lose yourself to dance | [dance] Lose yourself to dance | [dance] Lose yourself to dance | [dance] Lose yourself to dance | [dance] Lose yourself to dance | [dance] Lose yourself to dance | [dance] Lose yourself to dance | [dance] Lose yourself to dance | [dance] Lose yourself to dance | [dance] Lose yourself to dance | [dance] Lose yourself to dance | [dance] Lose yourself to dance | [dance] Lose yourself to dance | [dance] Lose yourself to dance | [dance] Lose yourself to dance | [dance] Lose yourself to dance | [dance] Lose yourself to dance | [dance] Lose yourself to dance | [dance] Lose yourself to dance | [dance] Lose yourself to dance | [dance] Lose yourself to dance | [dance] Lose yourself to dance | [dance] Lose yourself to dance | [dance] Lose yourself to dance,https://open.spotify.com/track/5CMjjywI0eZMixPeqNd75R
Lady - Hear Me Tonight,Modjo,4,"love, love, love, love",[love] I feel love for the first time | [love] I feel love for the first time | [love] I feel love for the first time | [love] I feel love for the first time,https://open.spotify.com/track/70HxNVlYQ0Hi6XqBtPLw80
D.A.N.C.E.,Justice,38,"dance, dance, dance, dance, dance, dance, dance, dance, dance, dance, dance, dance, dance, dance, dance, dance, dance, dance, dance, dance, dance, dance, dance, dance, dance, dance, dance, dance, dance, dance, dance, dance, dance, dance, dance, dance, dance, dance","[dance] Do the D-A-N-C-E | [dance] Do the D-A-N-C-E | [dance] Do the D-A-N-C-E | [dance] Do the dance, do the dance | [dance] Do the dance | [dance] Do the dance (Do the dance) | [dance] Do the dance (Do the dance) | [dance] Do the D-A-N-C-E | [dance] Do the dance, do the dance | [dance] Do the dance, do the dance | [dance] Do the dance (Do the dance) | [dance] Do the dance (Do the dance) | [dance] Do the D-A-N-C-E | [dance] Do the dance, do the dance | [dance] Do the dance, do the dance | [dance] Do the dance, do the dance | [dance] Do the dance, do the dance | [dance] Do the dance, do the dance | [dance] Do the dance, do the dance | [dance] Do the dance, do the dance | [dance] Do the dance, do the dance | [dance] Do the dance (Do the dance)",https://open.spotify.com/track/33yAEqzKXexYM3WlOYtTfQ
Just Give Me a Reason (feat. Nate Ruess),P!nk,18,"love, love, love, love, love, love, love, love, love, love, love, love, love, love, love, love, love, love","[love] Tell me that you've had enough of our love, our love | [love] And we can learn to love again | [love] And we can learn to love again | [love] There's nothin' more than empty sheets between our love, our love | [love] Oh, our love, our love, love | [love] And we can learn to love again | [love] And we can learn to love again | [love] And we can learn to love again | [love] And we can learn to love again | [love] And we can learn to love again | [love] And we can learn to love again | [love] Oh, we can learn to love again | [love] Oh, can learn to love again | [love] And we can learn to love again",https://open.spotify.com/track/1mKXFLRA179hdOWQBwUk9e
Rolling in the Deep,Adele,15,"love, love, love, love, tears, tears, tears, tears, tears, tears, tears, tears, tears, tears, tears","[love] The scars of your love remind me of us | [love] The scars of your love, they leave me breathless | [love] (You're gonna wish you never had met me) The scars of your love remind me of us | [love] (You're gonna wish you never had met me) The scars of your love, they leave me breathless | [tears] Rolling in the deep (Tears are gonna fall, rolling in the deep) | [tears] And you played it to the beat (Tears are gonna fall, rolling in the deep) | [tears] (Tears are gonna fall, rolling in the deep) They keep me thinkin' that we almost had it all | [tears] (Tears are gonna fall, rolling in the deep) I can't help feeling | [tears] Rolling in the deep (Tears are gonna fall, rolling in the deep) | [tears] And you played it to the beat (Tears are gonna fall, rolling in the deep) | [tears] We could've had it all (Tears are gonna fall, rolling in the deep) | [tears] It all, it all, it all (Tears are gonna fall, rolling in the deep) | [tears] Rolling in the deep (Tears are gonna fall, rolling in the deep) | [tears] And you played it to the beat (Tears are gonna fall, rolling in the deep) | [tears] Rolling in the deep (Tears are gonna fall, rolling in the deep)",https://open.spotify.com/track/6IAZHEBUIGJ6NJKxxOBIEr
Hot N Cold,Katy Perry,4,"kiss, kiss, kiss, kiss","[kiss] We kiss, we make up | [kiss] We kiss, we make up | [kiss] We kiss, we make up | [kiss] We kiss, we make up",https://open.spotify.com/track/1ulXmqjktxSdrdT1bzc69H
Somethin' Stupid,Frank Sinatra,7,"love, love, love, love, love, love, love","[love] And then I go and spoil it all by saying somethin' stupid like, ""I love you"" | [love] And then I go and spoil it all by saying somethin' stupid like, ""I love you"" | [love] And then I go and spoil it all by saying somethin' stupid like, ""I love you"" | [love] ""I love you"" | [love] ""I love you"" | [love] ""I love you"" | [love] ""I love you""",https://open.spotify.com/track/4feXcsElKIVsGwkbnTHAfV
September,"Earth, Wind & Fire",6,"love, love, love, love, love, love","[love] Love was changin' the minds of pretenders | [love] Only blue talk and love, remember | [love] How we knew love was here to stay | [love] Found a love we shared in September | [love] Only blue talk and love, remember | [love] True love we share today",https://open.spotify.com/track/2grjqo0Frpf2okIBiifQKs
Call Me Maybe,Carly Rae Jepsen,5,"crazy, crazy, crazy, crazy, crazy","[crazy] Hey, I just met you, and this is crazy | [crazy] Hey, I just met you, and this is crazy | [crazy] Hey, I just met you, and this is crazy | [crazy] Hey, I just met you, and this is crazy | [crazy] Hey, I just met you, and this is crazy",https://open.spotify.com/track/20I6sIOMTCkB6w7ryavxtO
Music Sounds Better With You - Radio Edit,Stardust,14,"love, love, love, love, love, love, love, love, love, love, love, love, love, love",[love] Love might bring us back together | [love] Love might bring us back together | [love] Love might bring us back together | [love] Love might bring us back together | [love] Love might bring us back together | [love] Love might bring us back together | [love] Love might bring us back together | [love] Love might bring us back together | [love] Love might bring us back together | [love] Love might bring us back together | [love] Love might bring us back together | [love] Love might bring us back together | [love] Love might bring us back together | [love] Love might bring us back together,https://open.spotify.com/track/1mv4lh1rW1K6xhxhJmEezy
Hold the Line,TOTO,16,"love, love, love, love, love, love, love, love, love, love, love, love, love, love, love, love","[love] Love isn't always on time, oh, oh, oh | [love] Love isn't always on time, oh, oh, oh | [love] It's not in the way that your love set me free | [love] Love isn't always on time, oh, oh, oh | [love] Love isn't always on time, oh, oh, oh | [love] It's not in the way that your love set me free | [love] Love isn't always on time, oh, oh, oh | [love] Love isn't always on time (Love isn't always on time) | [love] Love isn't always on time (Love isn't always, love isn't always on time) | [love] Love isn't always on time | [love] Love isn't always on time | [love] Love isn't always on time | [love] Love isn't always on time, oh, oh, oh",https://open.spotify.com/track/4aVuWgvD0X63hcOCnZtNFA
Livin' On A Prayer,Bon Jovi,4,"love, love, love, love","[love] For love | [love] Mm, for love | [love] We've got each other and that's a lot for love | [love] We've got each other and that's a lot for love",https://open.spotify.com/track/37ZJ0p5Jm13JPevGcx4SkF
Until I Found You,Stephen Sanchez,5,"love, love, love, love, love",[love] Stephen wrote the song about a love interest he had initially pushed away… Read More [Verse 1: Stephen Sanchez] | [love] I would never fall in love again until I found her | [love] I asked to love her once again | [love] I would never fall in love again until I found her | [love] I would never fall in love again until I found her,https://open.spotify.com/track/0T5iIrXA4p5GsubkhuBIKV
Somebody to Love,Jefferson Airplane,22,"love, love, love, love, love, love, love, love, love, love, love, love, love, love, love, love, love, love, love, love, love, love","[love] Don't you want somebody to love? | [love] Don't you need somebody to love? | [love] Wouldn't you love somebody to love? | [love] You better find somebody to love | [love] Love, love | [love] Don't you want somebody to love? | [love] Don't you need somebody to love? | [love] Wouldn't you love somebody to love? | [love] You better find somebody to love | [love] Don't you want somebody to love? | [love] Don't you need somebody to love? | [love] Wouldn't you love somebody to love? | [love] You better find somebody to love | [love] Don't you want somebody to love? | [love] Don't you need somebody to love? | [love] Wouldn't you love somebody to love? | [love] You better find somebody to love",https://open.spotify.com/track/4uGIJG1jYFonGc4LGp5uQL
Wicked Game,Chris Isaak,7,"love, love, love, love, love, love, love","[love] No, I don't wanna fall in love (This world is only gonna break your heart) | [love] No, I don't wanna fall in love (This world is only gonna break your heart) | [love] And I don't wanna fall in love (This world is only gonna break your heart) | [love] No, I don't wanna fall in love (This world is only gonna break your heart) | [love] I never dreamed that I'd love somebody like you | [love] No, I don't wanna fall in love (This world is only gonna break your heart) | [love] No, I don't wanna fall in love (This world is only gonna break your heart)",https://open.spotify.com/track/7w5AOd6HrDIHewHfpABEss
Electric Love,BØRNS,10,"love, love, love, love, love, love, love, love, love, love","[love] “Electric Love” followed up the single “10,000… Read More [Verse 1] | [love] By your electric love (Ohh) | [love] Baby, your electric love (Ahh) | [love] Electric love | [love] By your electric love (Ohh) | [love] Baby, your electric love (Ahh) | [love] Electric love | [love] And all I need is to be struck by your electric love (Ohh) | [love] Baby, your electric love (Ahh) | [love] [Click here to learn more about the making of ""Electric Love""]",https://open.spotify.com/track/2GiJYvgVaD2HtM8GqD9EgQ
Dancing Queen,ABBA,5,"dance, dance, dance, dance, dance","[dance] Ooh-ooh, you can dance, you can jive | [dance] You're in the mood for a dance | [dance] You can dance, you can jive | [dance] You're in the mood for a dance | [dance] You can dance, you can jive",https://open.spotify.com/track/01iyCAUm8EvOFqVWYJ3dVX
S.O.S.,ABBA,5,"love, love, love, love, love","[love] Whatever happened to our love? I wish I understood | [love] The love you gave me, nothing else can save me, S.O.S. | [love] What happened to our love? It used to be so good | [love] The love you gave me, nothing else can save me, S.O.S. | [love] And the love you gave me, nothing else can save me, S.O.S.",https://open.spotify.com/track/2c6BNK8IQjsFdUznUBDe4N
Lithium,Nirvana,4,"love, love, love, love","[love] I love you, I'm not gonna crack | [love] I love you, I'm not gonna crack | [love] I love you, I'm not gonna crack | [love] I love you, I'm not gonna crack",https://open.spotify.com/track/5vHLwhxxlGzmClMcxRRFPr
Smalltown Boy,Bronski Beat,32,"cry, cry, cry, cry, cry, cry, cry, cry, cry, cry, cry, cry, cry, cry, cry, cry, cry, cry, cry, cry, cry, cry, cry, cry, cry, cry, cry, cry, cry, cry, cry, cry","[cry] Cry | [cry] Cry | [cry] Cry | [cry] And as hard as they would try they'd hurt to make you cry | [cry] Run away, turn away, run away, turn away, run away (Cry) | [cry] Cry, boy, cry | [cry] Cry, boy, cry | [cry] Cry, boy, cry, boy, cry | [cry] Cry, boy, cry, boy, cry | [cry] Cry, boy, cry, boy, cry | [cry] Cry, boy, cry, boy, cry | [cry] Cry, boy, cry, boy, cry | [cry] Cry, boy, cry, boy, cry | [cry] (Cry) | [cry] Run away, turn away, run away, turn away, run away (Cry) | [cry] Run away, turn away, run away, turn away, run away (Cry) | [cry] Run away, turn away, run away, turn away, run away (Cry) | [cry] Run away, turn away, run away, turn away, run away (Cry)",https://open.spotify.com/track/5vmRQ3zELMLUQPo2FLQ76x
September,"Earth, Wind & Fire",6,"love, love, love, love, love, love","[love] Love was changin' the minds of pretenders | [love] Only blue talk and love, remember | [love] How we knew love was here to stay | [love] Found a love we shared in September | [love] Only blue talk and love, remember | [love] True love we share today",https://open.spotify.com/track/1mqlc0vEP9mU1kZgTi6LIQ
Sweat (A La La La La Long),Inner Circle,6,"cry, cry, cry, cry, cry, cry","[cry] And if you cry out I'm gonna push it some more | [cry] And if you cry out, I'm gonna push it | [cry] And if you cry out, I'm gonna push it some more | [cry] And if you cry out, I'm gonna push it | [cry] And if you cry out, I'm gonna push it some more | [cry] And if you cry out, I'm gonna push it",https://open.spotify.com/track/1SssFw74DdHVjRa6ADggdD
Dumb,Nirvana,8,"happy, happy, happy, happy, happy, happy, happy, happy",[happy] Or maybe just happy | [happy] Think I'm just happy | [happy] Think I'm just happy | [happy] Think I'm just happy | [happy] Or maybe just happy | [happy] Think I'm just happy | [happy] Think I'm just happy | [happy] Think I'm just happy,https://open.spotify.com/track/5gRcv46AMTrosmTOqrOV3Q
Daddy Cool,Boney M.,8,"crazy, crazy, crazy, crazy, crazy, crazy, crazy, crazy","[crazy] She's crazy like a fool | [crazy] She's crazy like a fool | [crazy] I'm crazy like a fool | [crazy] She's crazy like a fool | [crazy] I'm crazy like a fool | [crazy] ""She's crazy 'bout her daddy | [crazy] She's crazy like a fool | [crazy] I'm crazy like a fool",https://open.spotify.com/track/3WMbD1OyfKuwWDWMNbPQ4g
Up Where We Belong,Joe Cocker,13,"love, love, love, love, love, love, love, love, cry, cry, cry, cry, cry","[love] Love lift us up where we belong | [love] Love lift us up where we belong | [love] Love lift us up where we belong | [love] Love lift us up where we belong | [love] Love lift us up where we belong | [love] Love lift us up where we belong | [love] Love lift us up where we belong | [love] Love lift us up where we belong | [cry] Where the eagles cry, on a mountain high | [cry] Where the eagles cry, on a mountain high | [cry] No time to cry | [cry] Where the eagles cry, on a mountain high | [cry] Where the eagles cry, on a mountain high",https://open.spotify.com/track/5NoUgO4Kr93QymQGQlBC7b
Somebody To Love - Remastered 2011,Queen,28,"love, love, love, love, love, love, love, love, love, love, love, love, love, love, love, love, love, love, love, love, love, love, love, love, love, love, love, love","[love] Can anybody find me somebody to love? | [love] Can anybody find me somebody to love? | [love] Can anybody find me somebody to love? | [love] Anybody find me somebody to love? | [love] (Can anybody find me someone to love?) | [love] Find me somebody to love | [love] Find me somebody to love | [love] Find me somebody to love | [love] Find me somebody to love | [love] Find me somebody to love | [love] Find me somebody to love | [love] Find me somebody to love | [love] Find me somebody to love | [love] Find me somebody to love | [love] Find me somebody to love | [love] (Somebody find me somebody to love) | [love] Somebody to love? | [love] (Find me somebody to love) Ooh | [love] (Find me somebody to love) Every somebody | [love] (Find me somebody to love) | [love] Somebody, somebody, somebody to love | [love] (Find me somebody to love) | [love] Find me, find me, find me, find me, find me somebody to love | [love] (Find me somebody to love) Ooh | [love] (Find me somebody to love) | [love] Somebody find me, find me somebody to love | [love] (Find me somebody to love) | [love] Anybody, anywhere, anybody find me somebody to love",https://open.spotify.com/track/4rDbp1vnvEhieiccprPMdI
Could You Be Loved,Bob Marley & The Wailers,5,"love, love, love, love, love",[love] Could you be loved and be love? | [love] Could you be loved and be love? | [love] Love would never leave us alone | [love] Could you be loved and be love? | [love] Love your brotherman,https://open.spotify.com/track/5O4erNlJ74PIF6kGol1ZrC
Is This Love,Bob Marley & The Wailers,27,"love, love, love, love, love, love, love, love, love, love, love, love, love, love, love, love, love, love, love, love, love, love, love, love, love, love, love","[love] ‘Is This Love’ is a great song and I was always very happy with Kaya, the album it came from. It had a… Read More [Verse 1] | [love] I wanna love you and treat you right | [love] I wanna love you every day and every night | [love] Is this love? Is this love? Is this love? | [love] Is this love that I'm feeling? | [love] Is this love? Is this love? Is this love? | [love] Is this love that I'm feeling? | [love] I wanna love you, I wanna love and treat, love and treat you right | [love] I wanna love you every day and every night | [love] Is this love? Is this love? Is this love? | [love] Is this love that I'm feeling? | [love] Is this love? Is this love? Is this love? | [love] Is this love that I'm feeling? | [love] See, I wanna love you, I wanna love and treat you, love and treat you right | [love] I wanna love you every day and every night",https://open.spotify.com/track/6JRLFiX9NJSoRRKxowlBYr
Stumblin' In,Chris Norman,6,"love, love, love, love, love, love","[love] Our love is alive, and so we begin | [love] Our love is a flame, burning within | [love] Our love is alive, and so we begin | [love] Our love is a flame, burning within | [love] Our love is alive, and so we begin | [love] Our love is a flame, burning within",https://open.spotify.com/track/0ctgmKdlPY8xx41wY339Da
Girl You Know It's True,Milli Vanilli,25,"love, love, love, love, love, love, love, love, love, love, love, love, love, love, love, love, love, love, love, love, love, love, love, love, love","[love] I'm in love with you, girl, 'cause you're on my mind | [love] Don't you understand, girl? This love is true | [love] I'm in love, girl | [love] I'm so in love, girl | [love] I'm just in love, girl | [love] Ooh, ooh, ooh, I love you | [love] Ooh, ooh, ooh, I love you | [love] My love is for you | [love] My love is for you | [love] And with your positive emotion, love, makin', enjoyin' | [love] I'm in love, girl | [love] I'm in so love, girl | [love] I'm just in love, girl | [love] Ooh, ooh, ooh, I love you | [love] Ooh, ooh, ooh, I love you | [love] My love is for you | [love] My love is for you | [love] I'm in love with you, girl— | [love] I'm in love with you, girl-girl-girl-girl— | [love] I'm in love with you— I'm in love with you— | [love] I'm in love with you— | [love] My love is for you | [love] Ooh, ooh, ooh, I love you | [love] Ooh, ooh, ooh, I love you",https://open.spotify.com/track/0C7dYeCLF6ukChtW64UNge
Girl You Know It's True,Milli Vanilli,25,"love, love, love, love, love, love, love, love, love, love, love, love, love, love, love, love, love, love, love, love, love, love, love, love, love","[love] I'm in love with you, girl, 'cause you're on my mind | [love] Don't you understand, girl? This love is true | [love] I'm in love, girl | [love] I'm so in love, girl | [love] I'm just in love, girl | [love] Ooh, ooh, ooh, I love you | [love] Ooh, ooh, ooh, I love you | [love] My love is for you | [love] My love is for you | [love] And with your positive emotion, love, makin', enjoyin' | [love] I'm in love, girl | [love] I'm in so love, girl | [love] I'm just in love, girl | [love] Ooh, ooh, ooh, I love you | [love] Ooh, ooh, ooh, I love you | [love] My love is for you | [love] My love is for you | [love] I'm in love with you, girl— | [love] I'm in love with you, girl-girl-girl-girl— | [love] I'm in love with you— I'm in love with you— | [love] I'm in love with you— | [love] My love is for you | [love] Ooh, ooh, ooh, I love you | [love] Ooh, ooh, ooh, I love you",https://open.spotify.com/track/6CTnIURom7GvzLqXuFHrXA
I'm Gonna Miss You,Milli Vanilli,4,"love, love, love, love",[love] All the love I feel for you | [love] Givin' all the love I feel for you | [love] Givin' all the love I feel for you | [love] Givin' all the love I feel for you,https://open.spotify.com/track/2dThEJP9S344qzNhePcSzj
Angels,Robbie Williams,6,"love, love, love, love, love, love",[love] And I feel that love is dead | [love] A lot of love and affection | [love] And I know I'll always be blessed with love | [love] And when love is dead | [love] A lot of love and affection | [love] A lot of love and affection,https://open.spotify.com/track/1M2nd8jNUkkwrc1dgBPTJz
Call Me,Blondie,8,"love, love, love, love, love, love, love, love","[love] Cover me with kisses, baby, cover me with love | [love] Ooh, he speaks the languages of love | [love] Call me (Call me), my love | [love] Call me (Call me), my love | [love] Call me (Call me), my love | [love] Call me (Call me), my love | [love] Call me (Call me), my love | [love] Call me (Call me), my love",https://open.spotify.com/track/4qO03RMQm88DdpTJcxlglY
Suspicious Minds,Elvis Presley,9,"love, love, love, love, love, love, love, love, love","[love] Because I love you too much, baby | [love] Oh, let our love survive | [love] Because I love you too much, baby | [love] Because I love you too much, baby | [love] Because I love you too much, baby | [love] Because I love you too much, baby | [love] Because I love you too much, baby | [love] Because I love you too much, baby | [love] Because I love you too much, baby",https://open.spotify.com/track/1H5IfYyIIAlgDX8zguUzns
I'm A Believer,Smash Mouth,6,"love, love, love, love, love, love","[love] I thought love was only true in fairy tales | [love] Love was out to get me | [love] I'm in love, I'm a believer | [love] I thought love was more or less a given thing | [love] I'm in love, I'm a believer | [love] I'm in love, I'm a believer",https://open.spotify.com/track/0C9jZPUv4SuaXkuEQw6L40
Can't Help Falling in Love,Elvis Presley,5,"love, love, love, love, love",[love] Falling in love with you | [love] Falling in love with you? | [love] Falling in love with you | [love] Falling in love with you | [love] Falling in love with you,https://open.spotify.com/track/44AyOl4qVkzS48vBsbNXaC
Dancing With Myself,Billy Idol,5,"dance, dance, dance, dance, dance","[dance] If I had the chance, I'd ask the world to dance | [dance] If I had the chance, I'd ask the world to dance | [dance] If I had the chance, I'd ask the world to dance | [dance] If I had the chance, I'd ask the world to dance | [dance] If I had the chance, I'd ask the world to dance, ow",https://open.spotify.com/track/1BY1Vd2Bt6JPOhMvsIwtVv
Your Love,The Outfield,19,"love, love, love, love, love, love, love, love, love, love, love, love, love, love, love, love, love, love, love","[love] I just wanna use your love tonight | [love] And I don't wanna lose your love tonight | [love] I just wanna use your love tonight, oh | [love] I don't wanna lose your love tonight | [love] I just wanna use your love tonight, yeah | [love] I don't wanna lose your love tonight, yeah | [love] I just wanna use your love tonight | [love] I don't wanna lose your love tonight | [love] I just wanna use your love tonight | [love] I don't wanna lose your love tonight | [love] (Lose your love) | [love] (Lose your love) | [love] Tonight (Lose your love) | [love] No, I don't wanna lose (Lose your love tonight) | [love] I don't wanna (Lose your love tonight) | [love] No, no (Lose your love tonight) | [love] (Lose your love tonight) | [love] (No) No (I don't wanna lose your love tonight) | [love] (Lose your love tonight)",https://open.spotify.com/track/0WoFs3EdGOx58yX5BtXvOa
Mr. Brightside,The Killers,6,"kiss, kiss, kiss, kiss, kiss, kiss","[kiss] It started out with a kiss, how did it end up like this? | [kiss] It was only a kiss, it was only a kiss | [kiss] It started out with a kiss, how did it end up like this? | [kiss] (It was only a kiss) It was only a kiss",https://open.spotify.com/track/003vvx7Niy0yvhvHt4a68B
Only Time,Enya,5,"love, love, love, love, love",[love] And who can say if your love grows | [love] As your love flies? | [love] When your love lies? | [love] That love might be in your heart? | [love] Who can say if your love grows,https://open.spotify.com/track/6FLwmdmW77N1Pxb1aWsZmO
Killing Me Softly With His Song,Roberta Flack,6,"pain, pain, pain, pain, pain, pain",[pain] Strummin' my pain with his fingers | [pain] Strummin' my pain with his fingers | [pain] Strummin' my pain with his fingers | [pain] Strummin' my pain with his fingers | [pain] Strummin' my pain with his fingers | [pain] He was strummin' my pain,https://open.spotify.com/track/3gsCAGsWr6pUm1Vy7CPPob
I Wanna Dance with Somebody (Who Loves Me),Whitney Houston,42,"love, love, love, love, love, dance, dance, dance, dance, dance, dance, dance, dance, dance, dance, dance, dance, dance, dance, dance, dance, dance, dance, dance, dance, dance, dance, dance, dance, dance, dance, dance, dance, dance, dance, dance, dance, dance, dance, dance, dance, dance","[love] I've been in love and lost my senses | [love] On a love that burns hot enough to last | [love] On a love that burns hot enough to last | [love] Don't you wanna love, don't you wanna love me? | [dance] I wanna dance | [dance] Oh, I wanna dance with somebody | [dance] Yeah, I wanna dance with somebody | [dance] Oh, I wanna dance with somebody | [dance] Yeah, I wanna dance with somebody | [dance] Oh, I wanna dance with somebody | [dance] Yeah, I wanna dance with somebody | [dance] Oh, I wanna dance with somebody | [dance] Yeah, I wanna dance with somebody | [dance] Oh, I wanna dance with somebody | [dance] Yeah, I wanna dance with somebody | [dance] Oh, I wanna dance with somebody | [dance] Yeah, I wanna dance with somebody | [dance] Ooh, ooh (Dance) | [dance] Come on, baby (Dance) | [dance] Woo, yeah (Dance) | [dance] Now get with this, woah (Dance) | [dance] Don't you wanna dance (Dance) with me, baby? | [dance] Don't you wanna dance (Dance) with me, boy? | [dance] Hey, don't you wanna dance (Dance) with me, baby? | [dance] Don't you wanna dance? Say you wanna dance | [dance] Don't you wanna dance? (Dance) | [dance] Don't you wanna dance? Say you wanna dance | [dance] Don't you wanna dance? (Dance) | [dance] Don't you wanna dance? Say you wanna dance | [dance] Uh-huh (Dance) | [dance] Ooh, ooh (Dance) | [dance] Ooh, ooh (Dance) | [dance] Ooh, ooh (Dance)",https://open.spotify.com/track/2tUBqZG2AbRi7Q0BIrVrEj
Breezeblocks,alt-J,45,"love, love, love, love, love, love, love, love, love, love, love, love, love, love, love, love, love, love, love, love, love, love, love, love, love, love, love, love, love, love, love, love, love, love, love, love, love, love, love, love, love, love, love, love, love","[love] Now let's eat, my love, my love, love, love (La la la la) | [love] Now let's eat, my love, my love, love, love (La la la la) | [love] My love, my love, love, love (La la la la) | [love] Germolene, disinfect the scene, my love, my love, love, love | [love] But please don't go, I love you so, my lovely | [love] I love you so, I love you so | [love] I love you so, I love you so | [love] I love you so, I love you so | [love] I love you so, I love you so | [love] I love you so, I love you so, I love you so | [love] I love you so, I love you so | [love] I love you so, I love you so, I love you so | [love] I love you so, I love you so | [love] I love you so, I love you so, I love you so | [love] I love you so, I love you so | [love] I love you so, I love you so, I love you so | [love] I love you so, I love you so",https://open.spotify.com/track/1ZLroqJA8qoS5QEeCo0fA7
Baby Don't Forget My Number,Milli Vanilli,10,"love, love, love, love, love, love, love, love, love, love","[love] I see it so clearly that our love is so strong | [love] Love is stronger than thunder | [love] Love will see you through | [love] Ba-ba-ba-ba ba, love will see you through | [love] I see it so clearly that our love is so strong | [love] Love is stronger than thunder | [love] Love will see you through | [love] Ba-ba-ba-ba ba, love will see you through | [love] Love is stronger than thunder | [love] Love will see you through",https://open.spotify.com/track/3t4EJY6cTsb6FyP1EQzajK
I Love Rock 'N Roll,Joan Jett & the Blackhearts,21,"love, love, love, love, love, love, love, love, love, love, love, love, love, love, dance, dance, dance, dance, dance, dance, dance",[love] I love rock 'n' roll | [love] I love rock 'n' roll | [love] I love rock 'n' roll | [love] I love rock 'n' roll | [love] I love rock 'n' roll | [love] I love rock 'n' roll | [love] I love rock 'n' roll | [love] I love rock 'n' roll | [love] I love rock 'n' roll | [love] I love rock 'n' roll | [love] I love rock 'n' roll | [love] I love rock 'n' roll | [love] I love rock 'n' roll | [love] I love rock 'n' roll | [dance] So come and take your time and dance with me | [dance] So come and take your time and dance with me | [dance] So come and take your time and dance with me | [dance] So come and take your time and dance with | [dance] So come and take your time and dance with | [dance] So come and take your time and dance with | [dance] So come and take your time and dance with me,https://open.spotify.com/track/2Cdvbe2G4hZsnhNMKyGrie
Drive By,Train,5,"love, love, love, love, love",[love] Hefty bag to hold my-y-y-y-y-y-y love | [love] My love for you went viral | [love] Hefty bag to hold my-y-y-y-y-y-y love | [love] There's nothing up my sleeve but love for you | [love] Hefty bag to hold my-y-y-y-y-y-y love,https://open.spotify.com/track/0KAiuUOrLTIkzkpfpn9jb9
Kiss Me,Sixpence None The Richer,11,"kiss, kiss, kiss, kiss, kiss, kiss, kiss, kiss, kiss, kiss, kiss",[kiss] Kiss me out of the bearded barley | [kiss] Kiss me beneath the milky twilight | [kiss] So kiss me | [kiss] Kiss me down by the broken tree house | [kiss] Kiss me beneath the milky twilight | [kiss] So kiss me | [kiss] Kiss me beneath the milky twilight | [kiss] So kiss me | [kiss] So kiss me | [kiss] So kiss me | [kiss] So kiss me,https://open.spotify.com/track/754kgU5rWscRTfvlsuEwFp
Can't Take My Eyes off You,Frankie Valli,8,"love, love, love, love, love, love, love, love","[love] At long last love has arrived | [love] I love you, baby, and if it's quite alright | [love] I love you, baby, trust in me when I say | [love] And let me love you, baby, let me love you | [love] At long last love has arrived | [love] I love you, baby, and if it's quite alright | [love] I love you, baby, trust in me when I say",https://open.spotify.com/track/0bfvHnWWOeU1U5XeKyVLbW
Electric,Melody Club,10,"dance, dance, dance, dance, dance, dance, dance, dance, dance, dance",[dance] I just want to dance | [dance] I just want to dance | [dance] I just want to dance | [dance] I just want to dance | [dance] I just want to dance | [dance] I just want to dance | [dance] I just want to dance | [dance] I just want to dance | [dance] I just want to dance | [dance] I just want to dance,https://open.spotify.com/track/2AvS4Rk5G6jPAhZwytyF20
One Love / People Get Ready,Bob Marley & The Wailers,9,"love, love, love, love, love, love, love, love, love","[love] One love, one heart | [love] Hear the children cryin' (One love) | [love] Let them all pass all their dirty remarks (One love) | [love] There is one question I'd really love to ask (One heart) | [love] One love (What about the one heart?), one heart (What about the—) | [love] One love (So shall it be in the end), one heart (Alright) | [love] Let's get together to fight this Holy Armagiddyon (One love) | [love] One love (What about the one heart?), one heart (What about the—) | [love] One love (Oh, Lord), one heart (Woah)",https://open.spotify.com/track/7oNgPClUYdscWWHa5PF1gT
Sonnentanz - Sun Don't Shine,Klangkarussell,5,"love, love, love, love, love","[love] That you have love in places I can't describe | [love] I just wanted to let you know, I love you | [love] Through all the space and time, your love is mine | [love] I just wanted to let you know, I love you | [love] Through all the space and time, your love is mine",https://open.spotify.com/track/6Qi0Wls2EaolwPMPMxfe5f
Dance with Somebody,Mando Diao,76,"love, love, love, love, love, love, love, love, dance, dance, dance, dance, dance, dance, dance, dance, dance, dance, dance, dance, dance, dance, dance, dance, dance, dance, dance, dance, dance, dance, dance, dance, dance, dance, dance, dance, dance, dance, dance, dance, dance, dance, dance, dance, dance, dance, dance, dance, dance, dance, dance, dance, dance, dance, dance, dance, dance, dance, dance, dance, dance, dance, dance, dance, dance, dance, dance, dance, dance, dance, dance, dance, dance, dance, dance, dance","[love] I'm falling in love with your favourite song | [love] I'm falling in love with your favourite song | [love] I'm falling in love with your favourite song | [love] I'm falling in love with your favourite song | [love] Yeah, I'm falling in love with your favourite song | [love] I'm falling in love with your favourite song | [love] I'm falling in love with your favourite song | [love] I'm falling in love with your favourite song | [dance] I'm gonna dance with somebody, dance with somebody | [dance] Dance, dance, dance | [dance] I'm gonna dance with somebody, dance with somebody | [dance] Dance, dance, da-aa-ance | [dance] I'm gonna dance with somebody | [dance] I'm gonna dance with somebody, dance with somebody | [dance] Dance, dance, dance | [dance] I'm gonna dance with somebody, dance with somebody | [dance] Dance, dance, da-aa-ance | [dance] Dance, dance, dance, dance, dance | [dance] Dance (dance), dance (dance), dance (dance) | [dance] Dance (dance), dance (dance), dance (dance) | [dance] Dance (dance), dance (dance), dance (dance) | [dance] Dance (dance, dance, dance, dance, dance, dance) | [dance] I'm gonna dance with somebody, dance with somebody | [dance] Dance, dance, dance | [dance] I'm gonna dance with somebody, dance with somebody | [dance] Dance, dance, dance | [dance] I'm gonna dance with somebody, dance with somebody | [dance] Dance, dance, dance | [dance] I'm gonna dance with somebody, dance with somebody | [dance] Dance, dance, da-aa-ance",https://open.spotify.com/track/18vR5qMwAlAHZXE2B5mVCW
Sunshine Reggae,Laid Back,4,"smile, smile, smile, smile","[smile] Gimme gimme, gimme just a little smile | [smile] Gimme gimme, gimme just a little smile | [smile] Gimme gimme, gimme just a little smile | [smile] Gimme gimme, gimme just a little smile",https://open.spotify.com/track/0z0JSkE5Nw3i3nin3BBSuG
Ms. Jackson,Outkast,10,"cry, cry, cry, cry, cry, cry, cry, cry, cry, cry","[cry] Never meant to make your daughter cry | [cry] Never meant to make your daughter cry | [cry] Never meant to make your daughter cry | [cry] Never meant to make your daughter cry | [cry] Never meant to make your daughter cry | [cry] Never meant to make your daughter cry (Uh, uh, yeah) | [cry] Never meant to make your daughter cry | [cry] Never meant to make your daughter cry | [cry] Never meant to make your daughter cry | [cry] Never meant to make your daughter cry",https://open.spotify.com/track/0I3q5fE6wg7LIfHGngUTnV
Maneater,Nelly Furtado,11,"love, love, love, love, love, love, love, love, love, love, love","[love] Make you spend hard, make you want all of her love | [love] Make you cut cards, make you fall real hard in love | [love] Make you spend hard, make you want all of her love | [love] Because, she said she love you, love you long time (Come on, now) | [love] Make you spend hard, make you want all of her love | [love] Make you cut cards, make you fall real hard in love | [love] Make you spend hard, make you want all of her love | [love] Make you spend hard, make you want all of her love | [love] Make you cut cards, make you fall real hard in love | [love] Make you spend hard, make you want all of her love (Oh, oh, oh)",https://open.spotify.com/track/4wH4dJgrsxONID6KS2tDQM
I Want To Break Free - Single Remix,Queen,5,"love, love, love, love, love","[love] I've fallen in love | [love] I've fallen in love for the first time | [love] I've fallen in love, yeah | [love] God knows, God knows I've fallen in love | [love] I can't get over the way you love me like you do",https://open.spotify.com/track/2AkmdLbVKS1steeZdy8H1l
Oops!...I Did It Again,Britney Spears,4,"love, love, love, love","[love] Oops, you think I'm in love, that I'm sent from above | [love] Oops, you think I'm in love, that I'm sent from above | [love] Oops, you think I'm in love, that I'm sent from above (Yeah, yeah) | [love] Oops, you (Oops, you) think I'm in love (Think that I'm sent), that I'm sent from above",https://open.spotify.com/track/6naxalmIoLFWR0siv8dnQQ
Junk Of The Heart (Happy),The Kooks,10,"happy, happy, happy, happy, happy, happy, happy, happy, happy, happy","[happy] I wanna make you happy | [happy] Let me make you happy | [happy] I wanna make you happy | [happy] When I'm not happy, I'm in disgrace | [happy] I wanna make you happy | [happy] Let me make you happy | [happy] I wanna make you happy | [happy] I wanna make you happy | [happy] Let me make you happy | [happy] I wanna make you happy",https://open.spotify.com/track/2jZgzSxNSg1hTCq0ewWHGJ
Uptown Girl,Billy Joel,6,"love, love, love, love, love, love","[love] Just because I'm in love with an | [love] Just because I'm in love with an | [love] You know I'm in love with an uptown girl, my uptown girl | [love] You know I'm in love with an uptown girl, my uptown girl | [love] You know I'm in love with an uptown girl, my uptown girl | [love] You know I'm in love with an uptown girl",https://open.spotify.com/track/5zA8vzDGqPl2AzZkEYQGKh
Wild World,Yusuf / Cat Stevens,4,"smile, smile, smile, smile",[smile] It's hard to get by just upon a smile | [smile] It's hard to get by just upon a smile | [smile] It's hard to get by just upon a smile | [smile] And it's hard to get by just upon a smile,https://open.spotify.com/track/7mjSHL2Eb0kAwiKbvNNyD9
Sweet Child O' Mine,Guns N' Roses,4,"love, love, love, love",[love] Sweet love of mine | [love] Sweet love of mine | [love] Sweet love of mine | [love] Sweet love of mine,https://open.spotify.com/track/7snQQk1zcKl8gZ92AnueZW
Call Me,Blondie,8,"love, love, love, love, love, love, love, love","[love] Cover me with kisses, baby, cover me with love | [love] Ooh, he speaks the languages of love | [love] Call me (Call me), my love | [love] Call me (Call me), my love | [love] Call me (Call me), my love | [love] Call me (Call me), my love | [love] Call me (Call me), my love | [love] Call me (Call me), my love",https://open.spotify.com/track/7HKxTNVlkHsfMLhigmhC0I
Sunny,Boney M.,12,"love, love, love, love, love, love, love, love, love, love, love, love","[love] I love you | [love] Thank you for the love you've brought my way | [love] I love you | [love] I love you | [love] I love you | [love] I love you (Yeah) | [love] I love you (Oh, my baby) | [love] I love you | [love] I love you | [love] I love you | [love] I love you | [love] I love you",https://open.spotify.com/track/3pf96IFggfQuT6Gafqx2rt
Can't Stop,Red Hot Chili Peppers,6,"love, love, love, love, love, love","[love] East side love is living on the West End | [love] The world I love, the tears I drop | [love] The world I love, the trains I hop | [love] The world I love, the tears I drop | [love] The world I love, the trains I hop | [love] East side love is living on the West End",https://open.spotify.com/track/3ZOEytgrvLwQaqXreDs2Jx
Total Eclipse of the Heart,Bonnie Tyler,7,"love, love, love, love, love, love, love","[love] Your love is like a shadow on me all of the time (All of the time) | [love] Once upon a time, I was falling in love | [love] But now there's only love in the dark | [love] And if you only hold me tight (If you love me) | [love] Your love is like a shadow on me all of the time (All of the time) | [love] Once upon a time, I was falling in love | [love] But now there's only love in the dark",https://open.spotify.com/track/7wuJGgpTNzbUyn26IOY6rj
It's a Heartache,Bonnie Tyler,5,"love, love, love, love, love",[love] Love him till your arms break | [love] It ain't right with love to share | [love] It ain't right with love to share | [love] Love him till your arms break | [love] Love him till your arms break,https://open.spotify.com/track/1Y7VG310Lf5IYP7sVOob4X
Clint Eastwood,Gorillaz,6,"happy, happy, happy, happy, happy, happy","[happy] I ain't happy, I'm feeling glad | [happy] I ain't happy, I'm feeling glad | [happy] I ain't happy, I'm feeling glad | [happy] I ain't happy, I'm feeling glad | [happy] I ain't happy, I'm feeling glad | [happy] I ain't happy, I'm feeling glad",https://open.spotify.com/track/1RKUoGiLEbcXN4GY4spQDx
Can't Take My Eyes Off You - Original Extended Version,Boys Town Gang,14,"love, love, love, love, love, love, love, love, love, love, love, love, love, love","[love] At long last love has arrived | [love] I love you, baby and if it's quite alright | [love] I love you, baby, trust in me when I say | [love] And let me love you, baby | [love] Let me love you | [love] At long last love has arrived | [love] I love you, baby and if it's quite alright | [love] I love you, baby, trust in me when I say | [love] And let me love you, baby | [love] Let me love you | [love] I love you, baby and if it's quite alright | [love] I love you, baby, trust in me when I say | [love] I love you, baby and if it's quite alright | [love] I love you, baby, trust in me when I say",https://open.spotify.com/track/566U7bjbnK0I3RxObVVpA9
Lovers Rock,TV Girl,5,"kiss, kiss, kiss, kiss, kiss","[kiss] She might want a kiss before the end of the song | [kiss] And if you start to kiss | [kiss] She might want a kiss before the end of the song | [kiss] But you offered me a kiss. Why? | [kiss] Such a foolish reason, I'm afraid. I just wanted to kiss you",https://open.spotify.com/track/6dBUzqjtbnIa1TwYbyw5CM
Feel,Robbie Williams,7,"love, love, love, love, love, love, love",[love] I just wanna feel real love | [love] Before I fall in love | [love] I just wanna feel real love | [love] And I need to feel real love | [love] I just wanna feel real love | [love] I got too much love | [love] I just wanna feel real love,https://open.spotify.com/track/2Ms33RTRCT6gArrpcrPxmo
Hot Stuff,Donna Summer,11,"love, love, love, love, love, love, love, love, love, love, love","[love] Gotta have some hot stuff, gotta have some love tonight (Hot stuff) | [love] Wanna share my love with a warm-blooded lover | [love] Gotta have some hot love, baby, this evenin' | [love] Gotta have some lovin', gotta have love tonight (Hot stuff) | [love] Hot love | [love] Lookin' for hot love | [love] Hot stuff, baby, gonna need your love tonight (Hot stuff) | [love] I need hot love | [love] Wanna have hot love | [love] Need some lovin', baby, gonna need your love tonight | [love] Hot stuff, baby, gonna need your love tonight",https://open.spotify.com/track/2zMJN9JvDlvGP4jB03l1Bz
You Give Love A Bad Name,Bon Jovi,20,"love, love, love, love, love, love, love, love, love, love, love, love, love, love, love, love, love, love, love, love","[love] Darling, you give love a bad name | [love] Chains of love got a hold on me | [love] You give love a bad name (Bad name) | [love] You give love a bad name (Bad name) | [love] Yeah, you give love a bad name | [love] You give love a bad name (Bad name) | [love] You give love a bad name (Bad name) | [love] You give love a— | [love] You give love a bad name | [love] You give love a bad name (Bad name) | [love] You give love a bad name (Bad name) | [love] You give love a bad name (Bad name) | [love] You give love | [love] You give love, bad name | [love] You give love | [love] You give love, bad name | [love] You give love | [love] You give love, bad name | [love] You give love | [love] You give love, bad name",https://open.spotify.com/track/2TofEeQobQ9YoK7EFds698
What You Won't Do for Love,Bobby Caldwell,11,"love, love, love, love, love, love, love, love, love, love, love","[love] I searched to find a love within | [love] Well, I'm in a daze from your love, you see | [love] Some people go around the world for love | [love] What you won't do, to do for love | [love] Make me do for love what I would not do | [love] Well, I'm in a daze from your love, you see | [love] What you won't do, do for love | [love] Make me do for love what I would not do | [love] Make me do for love what I would not do | [love] Make me do for love what I would not do | [love] Make me do for love what I would not do",https://open.spotify.com/track/6Dk5fHTvH897XrVzCO64Mx
