Track name,Artist name,Album,Playlist name,Type,ISRC,Spotify - id
"Piano Man","Billy Joel","Piano Man (Legacy Edition)","The Playlist","Playlist","USSM17300504","70C4NyhjD5OZUMzvWZ3njJ"
"Father And Son","Yusuf / Cat Stevens","The Best Of Cat Stevens 20th Century Masters The Millennium Collection","The Playlist","Playlist","GBAAN7000042","7GqRj0q9rPorTF52C6Sox5"
"Losing My Religion","R.E.M.","Out Of Time (25th Anniversary Edition)","The Playlist","Playlist","USC4R1605373","31AOj9sFz2gM0O3hMARRBx"
"Wind Of Change","Scorpions","Crazy World","The Playlist","Playlist","USPG19090037","3ovjw5HZZv43SxTwApooCM"
"The Show Must Go On - Remastered 2011","Queen","Greatest Hits II (Remastered)","The Playlist","Playlist","GBUM71029636","7ofV2J7Ndzo2s5NBEgfpxl"
"Don't Cry (Original)","Guns N' Roses","Use Your Illusion I","The Playlist","Playlist","USGF19141504","2N2yrmodOnVF10mKvItC9P"
"Enter Sandman","Metallica","Metallica","The Playlist","Playlist","GBF089190013","5sICkBXVmaCQk5aISGR3x1"
"Walk On the Wild Side","Lou Reed","Transformer","The Playlist","Playlist","USRC17201948","5p3JunprHCxClJjOmcLV8G"
"Lithium","Nirvana","Nevermind (Deluxe Edition)","The Playlist","Playlist","USGF19942505","26D1PRJjD9Jj1JGRk88KVc"
"November Rain","Guns N' Roses","Use Your Illusion I","The Playlist","Playlist","USGF19141510","3YRCqOhFifThpSRFJ1VWFM"
"Saturday Night - Radio Mix","Whigfield","Saturday Night Single","The Playlist","Playlist","IT00D9400207","59VRFpPnC8pOhIH2WCWXF9"
"Lovefool","The Cardigans","First Band On The Moon (Remastered)","The Playlist","Playlist","SEBKB9629380","7aQjPecQdIuNd1sz3KCDhD"
"Basket Case","Green Day","Dookie","The Playlist","Playlist","USRE19900151","6L89mwZXSOwYl76YXfX13s"
"Smells Like Teen Spirit","Nirvana","Nevermind (Deluxe Edition)","The Playlist","Playlist","USGF19942501","1f3yAtsJtY87CTmM8RLnxf"
"I'll Be Missing You (feat. Faith Evans, 112)","Diddy","Bad Boy's 10th Anniversary- The Hits","The Playlist","Playlist","USBB40581044","3QHONiXGMGU3z68mQInncF"
"Wonderwall","Oasis","(What's the Story) Morning Glory?","The Playlist","Playlist","GBAAW9500189","2tDz0gabkgCjFE34CWvwrl"
"The Rhythm of the Night","Corona","The Rhythm of the Night","The Playlist","Playlist","ITA199800041","0ofMkI3jzmGCElAOgOLeo3"
"Cotton Eye Joe","Rednex","Sex & Violins","The Playlist","Playlist","DEA319600881","06hsdMbBxWGqBO0TV0Zrkf"
"Smooth (feat. Rob Thomas)","Santana","Supernatural (Remastered)","The Playlist","Playlist","USAR19900033","0n2SEXB2qoRQg171q7XqeW"
"Better Off Alone","Alice Deejay","Who Needs Guitars Anyway?","The Playlist","Playlist","NLC529811119","0pMUR7Uvp6vxlbG0qBFvgM"
"Killing Me Softly With His Song","Fugees","The Score (Expanded Edition)","The Playlist","Playlist","USSM19600055","0Q0IVlqMV64kNLlwjPj0Hl"
"Kiss from a Rose","Seal","Seal","The Playlist","Playlist","USWB19900917","3YKptz29AsOlm7WAVnztBh"
"U Can't Touch This","MC Hammer","Please Hammer Don't Hurt 'Em","The Playlist","Playlist","USCA29000294","1B75hgRqe7A4fwee3g3Wmu"
"Dreams","The Cranberries","Everybody Else Is Doing It, So Why Can't We?","The Playlist","Playlist","USIR29300080","4JGKZS7h4Qa16gOU3oNETV"
"My Way - Remastered ) [The Frank Sinatra Collection]","Frank Sinatra","Nothing But The Best [The Frank Sinatra Collection]","The Playlist","Playlist","USRH10723041","55eoyzGIpSstOOa1lgHw9W"
"Fly Me To The Moon - Remastered ) [The Frank Sinatra Collection]","Frank Sinatra","Nothing But The Best [The Frank Sinatra Collection]","The Playlist","Playlist","USRH10723029","09ityNOMUHKZ1sldYGWRCk"
"L'Amour Toujours","Gigi D'Agostino","L'Amour Toujours","The Playlist","Playlist","NLS241000174","52LJ3hyknOijCrE5gCD0rE"
"Say My Name","Destiny's Child","The Writing's On The Wall","The Playlist","Playlist","USSM19901056","7H6ev70Weq6DdpZyyTmUXk"
"The Real Slim Shady","Eminem","The Marshall Mathers LP","The Playlist","Playlist","USIR10000448","3yfqSUWxFvZELEM4PmlwIR"
"Dancing in the Moonlight","Toploader","Onka's Big Moka","The Playlist","Playlist","GBBBL9902165","0w07a1vsKahQMM0RnPXHVT"
"Paint It, Black","The Rolling Stones","Aftermath","The Playlist","Playlist","USA176610020","63T7DJ1AFDD6Bn8VzG6JE8"
"Ain't No Sunshine","Bill Withers","Just As I Am","The Playlist","Playlist","USSM10000372","1k1Bqnv2R0uJXQN4u6LKYt"
"Don't Stop Me Now - Remastered 2011","Queen","Jazz (2011 Remaster)","The Playlist","Playlist","GBUM71029610","5T8EDUDqKcs6OSOwEsfqG7"
"Enjoy the Silence - Single Mix","Depeche Mode","Enjoy the Silence","The Playlist","Playlist","GBAJH9800146","1YwNlWLf8auhazSQUDQLFU"
"I'm Outta Love - Radio Edit","Anastacia","Pieces Of A Dream","The Playlist","Playlist","USSM19925562","583xVl0Sbj93uU4ceixgU8"
"I Believe I Can Fly","R. Kelly","The R. In R&B Collection: Volume 1","The Playlist","Playlist","USJI19610437","0AIfr4oi192dWLRJZrRz1O"
"Maniac","Michael Sembello","Flashdance (Original Soundtrack From The Motion Picture)","The Playlist","Playlist","USPR38302462","0QKfiqpEU4h9ycPSzIFwYe"
"Lemon Tree","Fools Garden","Dish of the Day","The Playlist","Playlist","DEAF70927221","1yr9HpAu3prvxmq783ZELn"
"American Idiot","Green Day","American Idiot","The Playlist","Playlist","USRE10400888","6nTiIhLmQ3FWhvrGafw2zj"
"Knockin' On Heaven's Door","Bob Dylan","Pat Garrett & Billy The Kid (Soundtrack From The Motion Picture)","The Playlist","Playlist","USSM11304547","6HSXNV0b4M4cLJ7ljgVVeh"
"Holiday","Green Day","Holiday","The Playlist","Playlist","USRE10500451","5vfjUAhefN7IjHbTvVCT4Z"
"All Star","Smash Mouth","Astro Lounge","The Playlist","Playlist","USIR19902220","3cfOd4CMv2snFaKAnMdnvK"
"Another One Bites The Dust - Remastered 2011","Queen","The Game (2011 Remaster)","The Playlist","Playlist","GBUM71029605","5vdp5UmvTsnMEMESIF2Ym7"
"Seven Nation Army","The White Stripes","Elephant","The Playlist","Playlist","USVT10300001","3dPQuX8Gs42Y7b454ybpMR"
"Tainted Love","Soft Cell","Non-Stop Erotic Cabaret","The Playlist","Playlist","GBF088100017","0cGG2EouYCEEC3xfa0tDFV"
"Sweet Home Alabama","Lynyrd Skynyrd","Second Helping (Expanded Edition)","The Playlist","Playlist","USMC17446153","7e89621JPkKaeDSTQ3avtg"
"Crazy Little Thing Called Love - Remastered 2011","Queen","The Game (2011 Remaster)","The Playlist","Playlist","GBUM71029612","6xdLJrVj4vIXwhuG8TMopk"
"What's Up?","4 Non Blondes","Bigger, Better, Faster, More !","The Playlist","Playlist","USIR19200553","0jWgAnTrNZmOGmqgvHhZEm"
"I Want You Back","The Jackson 5","Diana Ross Presents The Jackson 5","The Playlist","Playlist","USMO19400306","5LxvwujISqiB8vpRYv887S"
"We Are The Champions - Remastered 2011","Queen","News Of The World (2011 Remaster)","The Playlist","Playlist","GBUM71029619","1lCRw5FEZ1gPDNPzy1K4zW"
"A Kind Of Magic - Remastered 2011","Queen","A Kind Of Magic (2011 Remaster)","The Playlist","Playlist","GBUM71029621","5RYLa5P4qweEAKq5U1gdcK"
"Hotel California - 2013 Remaster","Eagles","Hotel California (2013 Remaster)","The Playlist","Playlist","USEE11300353","40riOy7x9W7GXjyGp4pjAv"
"Flashdance...What a Feeling - Radio Edit","Irene Cara","What a Feelin'","The Playlist","Playlist","CAU118300354","3cbV252akVZInSvJk7jAYX"
"What A Wonderful World","Louis Armstrong","What A Wonderful World","The Playlist","Playlist","USMC16758823","29U7stRjqHU6rMiS8BfaI9"
"I Want To Break Free","Queen","Bohemian Rhapsody (The Original Soundtrack)","The Playlist","Playlist","GBUM71805978","7iAqvWLgZzXvH38lA06QZg"
"Surfin' U.S.A. - Remastered 2001","The Beach Boys","Surfin' USA (Remastered)","The Playlist","Playlist","USCA20001654","0wz1LjDb9ZNEYwOmDJ3Q4b"
"Every Breath You Take","The Police","Synchronicity (Remastered 2003)","The Playlist","Playlist","GBAAM0201110","1JSTJqkT5qHq8MDJnJbRE1"
"I Want It All - Single Version","Queen","The Miracle (Collector's Edition)","The Playlist","Playlist","GBCEE1000031","1gBNoqhVLbIMuBQmXKmyLj"
"I'm Still Standing","Elton John","Too Low For Zero","The Playlist","Playlist","GBALX8300190","1jDJFeK9x3OZboIAHsY9k2"
"Happy Together","The Turtles","Happy Together","The Playlist","Playlist","USA560587940","1JO1xLtVc8mWhIoE3YaCL0"
"I Get Around (Mono)","The Beach Boys","All Summer Long (Mono & Stereo)","The Playlist","Playlist","USCA21202039","3v9xlH6BpmRbqL7hgNJhfT"
"The Sound of Silence - Acoustic Version","Simon & Garfunkel","Wednesday Morning, 3 A.M.","The Playlist","Playlist","USSM16401419","5y788ya4NvwhBznoDIcXwK"
"Take on Me","a-ha","Hunting High and Low","The Playlist","Playlist","USWB19901214","2WfaOiMkCvy7F5fcp2zZ8L"
"Mr. Jones","Counting Crows","August And Everything After","The Playlist","Playlist","USIR10000287","5DiXcVovI0FcY2s0icWWUu"
"Friends Will Be Friends - Remastered 2011","Queen","A Kind Of Magic (2011 Remaster)","The Playlist","Playlist","GBUM71029635","3EGlnkJGcwz73rT0oE0X1X"
"Oh, Pretty Woman","Roy Orbison","Oh, Pretty Woman","The Playlist","Playlist","USSM16401425","48i055G1OT5KxGGftwFxWy"
"Back In Black","AC/DC","Back In Black","The Playlist","Playlist","AUAP08000046","08mG3Y1vljYA6bvDt4Wqkj"
"99 Luftballons","Nena","Nena","The Playlist","Playlist","DEE868300011","4ZhPLoMzZwewHLLjV1J15c"
"Hymn for the Weekend","Coldplay","A Head Full of Dreams","The Playlist","Playlist","GBAYE1500979","3RiPr603aXAoi4GHyXx0uy"
"Yellow","Coldplay","Yellow","The Playlist","Playlist","GBAYE0000267","3e0wYnFxkqinmtXebYPMSt"
"The Scientist","Coldplay","The Scientist","The Playlist","Playlist","GBAYE0200772","2LTl1pU074hnzAdy0SpHAb"
"Viva La Vida","Coldplay","Viva La Vida Or Death And All His Friends","The Playlist","Playlist","GBAYE0800265","68l6YZZ8TlcWVq98l5eW6l"
"Paradise","Coldplay","Mylo Xyloto","The Playlist","Playlist","GBAYE1101143","6nek1Nin9q48AVZcWs9e9D"
"A Sky Full of Stars","Coldplay","A Sky Full of Stars","The Playlist","Playlist","GBAYE1400217","6HFbq7cewJ7rPiffV0ciil"
"Believer","Imagine Dragons","Evolve","The Playlist","Playlist","USUM71700626","0pqnGHJpmpxLKifKRmU6WP"
"Bohemian Rhapsody - Remastered 2011","Queen","A Night At The Opera (2011 Remaster)","The Playlist","Playlist","GBUM71029604","4u7EnebtmKWzUH433cf5Qv"
"Africa","TOTO","Toto IV","The Playlist","Playlist","USSM19801941","2374M0fQpWi3dLnB54qaLX"
"Wonderwall","Oasis","(What's The Story) Morning Glory?","The Playlist","Playlist","GBAAW9500189","1qPbGZqppFwLwcBC1JQ6Vr"
"Do I Wanna Know?","Arctic Monkeys","AM","The Playlist","Playlist","GBCEL1300362","5FVd6KXrgO9B3JPmC8OPst"
"Pumped Up Kicks","Foster The People","Torches","The Playlist","Playlist","USSM11002931","7w87IxuO7BDcJ3YUqCyMTT"
"In the End","Linkin Park","Hybrid Theory (Bonus Edition)","The Playlist","Playlist","USWB10002407","60a0Rd6pjrkxjPbaKzXjfq"
"Under Pressure","Queen","Best of Bowie","The Playlist","Playlist","GBCEG8100001","5oidljiMjeJTWUGZ4TfFea"
"Numb","Linkin Park","Meteora","The Playlist","Playlist","USWB10300474","2nLtzopw4rPReszdYBJU6h"
"Radioactive","Imagine Dragons","Night Visions","The Playlist","Playlist","USUM71201074","62yJjFtgkhUrXktIoSjgP2"
"Highway to Hell","AC/DC","Highway to Hell","The Playlist","Playlist","AUAP07900028","2zYzyRzz6pRmhPzyfMEC8s"
"We Will Rock You - Remastered 2011","Queen","News Of The World (2011 Remaster)","The Playlist","Playlist","GBUM71029618","4pbJqGIASGPr0ZpGpnWkDn"
"Creep","Radiohead","Pablo Honey","The Playlist","Playlist","GBAYE9200070","70LcF31zb1H0PyJoS1Sx1r"
"Feel Good Inc.","Gorillaz","Demon Days","The Playlist","Playlist","GBAYE0500172","0d28khcov6AiegSCpG5TuT"
"Eye of the Tiger","Survivor","Rocky IV","The Playlist","Playlist","USVR19600010","2KH16WveTQWT6KOG9Rg6e2"
"What Is Love - 7"" Mix","Haddaway","What Is Love","The Playlist","Playlist","DEA410500401","0bgkE357h56UcH4tyAnzil"
"All I Want for Christmas Is You","Mariah Carey","Merry Christmas","The Playlist","Playlist","USSM19400325","0bYg9bo50gSsH3LtXe2SQn"
"Gangsta's Paradise","Coolio","Gangsta's Paradise","The Playlist","Playlist","USTB10400128","7lQWRAjyhTpCWFC0jmclT4"
"You Are Not Alone","Michael Jackson","HIStory - PAST, PRESENT AND FUTURE - BOOK I","The Playlist","Playlist","USSM19500002","3AoeaZs8dFemFJr3JdzOL0"
"They Don't Care About Us","Michael Jackson","HIStory - PAST, PRESENT AND FUTURE - BOOK I","The Playlist","Playlist","USSM19500629","3wuCCNCnBhJlwkIJTBZFiv"
"Barbie Girl","Aqua","Aquarium (Special Edition)","The Playlist","Playlist","DKBKA9700403","5ZrDlcxIDZyjOzHdYW1ydr"
"Bitter Sweet Symphony - Remastered 2016","The Verve","Urban Hymns (Remastered 2016)","The Playlist","Playlist","GBUM71601816","57iDDD9N9tTWe75x6qhStw"
"Save Tonight","Eagle-Eye Cherry","Desireless","The Playlist","Playlist","GBAKW9800044","0smyCrJiibi2uwCiq5R1vj"
"Don't Stop 'Til You Get Enough","Michael Jackson","Off the Wall","The Playlist","Playlist","USSM17900816","46eu3SBuFCXWsPT39Yg3tJ"
"The Way You Make Me Feel - 2012 Remaster","Michael Jackson","Bad (Remastered)","The Playlist","Playlist","USSM11204981","76HKOVWqsEg26SECtmw7Rz"
"They Don't Care About Us","Michael Jackson","HIStory - PAST, PRESENT AND FUTURE - BOOK I","The Playlist","Playlist","USSM19500629","3wuCCNCnBhJlwkIJTBZFiv"
"Smooth Criminal - 2012 Remaster","Michael Jackson","Bad 25th Anniversary","The Playlist","Playlist","USSM11204989","2bCQHF9gdG5BNDVuEIEnNk"
"Bad - 2012 Remaster","Michael Jackson","Bad (Remastered)","The Playlist","Playlist","USSM11204980","2gSNBigeWMVtY3QBIvPAEc"
"Beat It","Michael Jackson","Thriller","The Playlist","Playlist","USSM19902990","3BovdzfaX4jb5KFQwoPfAw"
"Thriller","Michael Jackson","Thriller","The Playlist","Playlist","USSM19902989","2LlQb7Uoj1kKyGhlkBf9aC"
"Black or White","Michael Jackson","Dangerous","The Playlist","Playlist","USSM19000733","7EsjkelQuoUlJXEw7SeVV4"
"Earth Song","Michael Jackson","HIStory - PAST, PRESENT AND FUTURE - BOOK I","The Playlist","Playlist","USSM19500010","4GCGH6TJ69neckwITeBFXK"
"Will You Be There","Michael Jackson","Dangerous","The Playlist","Playlist","USSM10020712","1igW25R8lnb5ze9GWbuVsl"
"Relax, Take It Easy","MIKA","Life In Cartoon Motion","The Playlist","Playlist","USC7R0600114","0KM2y796j63t5RHhvRUxld"
"Grace Kelly","MIKA","Life In Cartoon Motion","The Playlist","Playlist","USC7R0600006","2SDx0PooHZI1SQKR0y44bs"
"Rain","MIKA","Rain (UK Version ABP)","The Playlist","Playlist","USC7R0900172","5blWGYRc1tWm5tjzhsJs0J"
"Lollipop","MIKA","Life In Cartoon Motion","The Playlist","Playlist","USC7R0600045","2NjhV99ncY4A5lSkTHvTtU"
"This Is The Life","Amy Macdonald","This Is The Life (eDeluxe)","The Playlist","Playlist","GBUM70607840","2T3jgoAMbBXiMMD8pSc6QL"
"Crazy","Gnarls Barkley","St. Elsewhere","The Playlist","Playlist","GBAHT0600202","1vxw6aYJls2oq3gW0DujAo"
"This Love","Maroon 5","Songs About Jane","The Playlist","Playlist","USJAY0300080","5zF2zGPkL6Ipsn9AfAK6RP"
"One More Night","Maroon 5","Overexposed Track By Track","The Playlist","Playlist","USUM71203514","6cpk00i5TxCqSeqNi2HuIe"
"Ride","Twenty One Pilots","Blurryface","The Playlist","Playlist","USAT21500598","2Z8WuEywRWYTKe1NybPQEW"
"Somebody That I Used To Know","Gotye","Making Mirrors","The Playlist","Playlist","AUZS21100040","1qDrWA6lyx8cLECdZE7TV7"
"Shape of You","Ed Sheeran","÷ (Deluxe)","The Playlist","Playlist","GBAHS1600463","7qiZfU4dY1lWllzX7mPBI3"
"Cake By The Ocean","DNCE","DNCE","The Playlist","Playlist","USUM71514637","76hfruVvmfQbw0eYn1nmeC"
"Rolling in the Deep","Adele","21","The Playlist","Playlist","GBBKS1000335","4OSBTYWVwsQhGLF9NHvIbR"
"Back To Black","Amy Winehouse","Back To Black (Deluxe Edition)","The Playlist","Playlist","GBUM70604698","3FAclTFfvUuQYnEsptbK8w"
"Back To Black","Amy Winehouse","Back To Black (Deluxe Edition)","The Playlist","Playlist","GBUM70604698","3FAclTFfvUuQYnEsptbK8w"
"Rehab","Amy Winehouse","Back To Black","The Playlist","Playlist","GBUM70603730","1L5tZi0izXsi5Kk5OJf4W0"
"Crazy","Gnarls Barkley","St. Elsewhere","The Playlist","Playlist","GBAHT0600202","1vxw6aYJls2oq3gW0DujAo"
"It's A Man's, Man's, Man's World","James Brown & The Famous Flames","It's A Man's Man's Man's World","The Playlist","Playlist","USPG19190035","3SQ9Hb9rfpJ02AWfaOPhpy"
"(Sittin' On) the Dock of the Bay - Mono","Otis Redding","The Dock of the Bay (Mono)","The Playlist","Playlist","USAT21403443","3zBhihYUHBmGd2bcQIobrF"
"Feeling Good","Muse","Origin of Symmetry","The Playlist","Playlist","GBCVT0100018","5PK1JCSdr34gWgzYHgt3Jq"
"Kiss","Prince","Parade - Music from the Motion Picture Under the Cherry Moon","The Playlist","Playlist","USWB19903319","62LJFaYihsdVrrkgUOJC05"
"Ain't No Mountain High Enough","Marvin Gaye","United","The Playlist","Playlist","USMO16700534","7tqhbajSfrz2F7E1Z75ASX"
"Sweet Dreams (Are Made of This) - 2005 Remaster","Eurythmics","Sweet Dreams (Are Made Of This)","The Playlist","Playlist","GBARL0300589","1TfqLAPs4K3s2rJMoCokcS"
"Jump - 2015 Remaster","Van Halen","1984 (Remastered)","The Playlist","Playlist","USWB11403680","7N3PAbqfTjSEU1edb2tY8j"
"Stayin' Alive - From ""Saturday Night Fever"" Soundtrack","Bee Gees","Greatest","The Playlist","Playlist","NLF057790034","3mRM4NM8iO7UBqrSigCQFH"
"September","Earth, Wind & Fire","September (sped up + slowed)","The Playlist","Playlist","USSM17800845","3kXoKlD84c6OmIcOLfrfEs"
"Cream - Without Rap Monologue","Prince","Diamonds and Pearls","The Playlist","Playlist","USWB19900665","5MWKU5MnIuv5uQez4n0byz"
"One Way Or Another - Remastered 2001","Blondie","Parallel Lines (Remastered)","The Playlist","Playlist","USCH30100029","4cQJ27R11K634x5qCOwKW5"
"Heart Of Glass - Remix","Blondie","Parallel Lines: Deluxe Collector's Edition","The Playlist","Playlist","USCH38900007","2HhBmnL8kVYaevaaCsnMVB"
"Just the Two of Us","Grover Washington, Jr.","Winelight","The Playlist","Playlist","USEE10900522","5fdNHVZHbWB1AaXk4RBGVD"
"My Sweet Lord - 2014 Remaster","George Harrison","All Things Must Pass (2014 Remaster)","The Playlist","Playlist","GB77R1400026","6vE90mi4yKsQGY3YD2OOv1"
"Tom's Diner","AnnenMayKantereit","Tom's Diner","The Playlist","Playlist","DEUM71903009","0oA9wBGDY4uyILLg4GymWP"
"Homage","Mild High Club","Skiptracing","The Playlist","Playlist","US2S71673002","7DcJ6fEBb7BaKuYKTwiDxK"
"Boulevard of Broken Dreams","Green Day","Boulevard of Broken Dreams","The Playlist","Playlist","USRE10401426","1hwJKpe0BPUsq6UUrwBWTw"
"D'yer Mak'er - Remaster","Led Zeppelin","Mothership (Remastered)","The Playlist","Playlist","USRH11505147","5iNr7y6iWNkwVvVeOXSLT5"
"Boulevard of Broken Dreams","Green Day","Boulevard of Broken Dreams","The Playlist","Playlist","USRE10401426","1hwJKpe0BPUsq6UUrwBWTw"
"Baby I'm Yours","Breakbot","Baby I'm Yours","The Playlist","Playlist","FR0NT0900390","5jr6pG3khBcBXZRm8NogSe"
"Mr. Blue Sky","Electric Light Orchestra","Out of the Blue","The Playlist","Playlist","USSM17200399","2RlgNHKcydI9sayD2Df2xp"
"Anyone Who Knows What Love Is (Will Understand)","Irma Thomas","Take A Look","The Playlist","Playlist","USCA26400283","5GWCndQ8ykzf6rYRvwrFcj"
"Hooked On A Feeling","Blue Swede","Hooked On A Feeling","The Playlist","Playlist","SEAMA7343050","6Ac4NVYYl2U73QiTt11ZKd"
"Walk Like an Egyptian","The Bangles","The Essential Bangles","The Playlist","Playlist","USSM18500592","1Jwc3ODLQxtbnS8M9TflSP"
"Sultans Of Swing","Dire Straits","Dire Straits","The Playlist","Playlist","GBF089601041","37Tmv4NnfQeb0ZgUC4fOJj"
"Vienna","Billy Joel","The Stranger (Legacy Edition)","The Playlist","Playlist","USSM17700373","4U45aEWtQhrm8A5mxPaFZ7"
"Bennie And The Jets - Remastered 2014","Elton John","Goodbye Yellow Brick Road (Remastered)","The Playlist","Playlist","GBUM71304955","5Wj1rJnCLpMHdLaxsFtJLs"
"Rocket Man (I Think It's Going To Be A Long, Long Time)","Elton John","Honky Chateau","The Playlist","Playlist","GBAMB7200006","3gdewACMIVMEWVbyb8O9sY"
"Goodbye Yellow Brick Road - Remastered 2014","Elton John","Goodbye Yellow Brick Road (Remastered)","The Playlist","Playlist","GBUM71304956","4IRHwIZHzlHT1FQpRa5RdE"
"Don't Go Breaking My Heart","Elton John","Rock Of The Westies","The Playlist","Playlist","GBALX7600007","7HW5WIw7ZgZORCzUxv5gW5"
"Saturday Night’s Alright (For Fighting) - Remastered 2014","Elton John","Goodbye Yellow Brick Road (Remastered / Deluxe Edition)","The Playlist","Playlist","GBUM71304966","0LHItNoPqjxWcbvQzw9NIv"
"Welcome To The Jungle","Guns N' Roses","Appetite For Destruction","The Playlist","Playlist","USGF18714801","0bVtevEgtDIeRjCJbK3Lmv"
"Sweet Child O' Mine","Guns N' Roses","Appetite For Destruction","The Playlist","Playlist","USGF18714809","7o2CTH4ctstm8TNelqjb51"
"Paradise City","Guns N' Roses","Appetite For Destruction","The Playlist","Playlist","USGF18714806","3YBZIN3rekqsKxbJc9FZko"
"Civil War","Guns N' Roses","Use Your Illusion II","The Playlist","Playlist","USGF19142001","6i4Qi1mJxXjqNIL9HfJhRs"
"Estranged","Guns N' Roses","Use Your Illusion II","The Playlist","Playlist","USGF19142011","3s03nrUInN3NAVjQtmnS0O"
"Stairway to Heaven - Remaster","Led Zeppelin","Led Zeppelin IV (Deluxe Edition)","The Playlist","Playlist","USAT21300959","5CQ30WqJwcep0pYcV4AMNc"
"Rasputin","Boney M.","Daddy Cool","The Playlist","Playlist","DED160000010","5lWSa1rmuSL6OBPOnkAqoa"
"Everybody Wants To Rule The World","Tears For Fears","Songs From The Big Chair (Super Deluxe Edition)","The Playlist","Playlist","GBF088590110","4RvWPyQ5RL0ao9LPZeSouE"
"Karma Chameleon","Culture Club","Colour By Numbers","The Playlist","Playlist","GBAAA8300010","3XDeeP9wBZzGhIPZmLfEEx"
"Like a Prayer","Madonna","Like a Prayer","The Playlist","Playlist","USWB10002775","2v7ywbUzCgcVohHaKUcacV"
"Like a Virgin","Madonna","Like a Virgin","The Playlist","Playlist","USWB10002748","1ZPlNanZsJSPK5h9YZZFbZ"
"Like a Prayer","Madonna","Celebration (double disc version)","The Playlist","Playlist","USWB10903606","1z3ugFmUKoCzGsI6jdY4Ci"
"Sorry","Madonna","Sorry","The Playlist","Playlist","USWB10505900","3YqJlngd0Bx4zsqWkkaGSa"
"Give Me All Your Luvin'","Madonna","MDNA","The Playlist","Playlist","USUG11200184","0QXtw4rDLQtpzqPS4uJbZJ"
"Material Girl","Madonna","Celebration (double disc version)","The Playlist","Playlist","USWB10903617","22sLuJYcvZOSoLLRYev1s5"
"Hung Up","Madonna","Confessions on a Dance Floor","The Playlist","Playlist","USWB10504319","3850dYVgOFIXJh5U4BFEWH"
"Beautiful Stranger","Madonna","Celebration (double disc version)","The Playlist","Playlist","USWB10903628","3DlRZM6zKSlAZigHbJQ3cp"
"La Isla Bonita","Madonna","Celebration (double disc version)","The Playlist","Playlist","USWB10903618","2Iib2MV3ECFJAourgP9dlY"
"I Kissed A Girl","Katy Perry","One Of The Boys","The Playlist","Playlist","USCA20801738","14iN3o8ptQ8cFVZTEmyQRV"
"Hot N Cold","Katy Perry","One Of The Boys","The Playlist","Playlist","USCA20802544","0iGckQFyv6svOfAbAY9aWJ"
"One More Time","Daft Punk","Discovery","The Playlist","Playlist","GBDUW0000053","0DiWol3AO6WpXZgp0goxAV"
"Get Lucky (Radio Edit) [feat. Pharrell Williams and Nile Rodgers]","Daft Punk","Get Lucky (Radio Edit) [feat. Pharrell Williams and Nile Rodgers]","The Playlist","Playlist","USQX91300809","2Foc5Q5nqNiosCNqttzHof"
"Harder, Better, Faster, Stronger","Daft Punk","Discovery","The Playlist","Playlist","GBDUW0000059","5W3cjX2J3tjhG8zb6u0qHn"
"Bad Romance","Lady Gaga","The Fame Monster (Explicit Version)","The Playlist","Playlist","USUM70918596","1CZOrmHUUjeDP7N2B4Ba6S"
"Poker Face","Lady Gaga","The Fame","The Playlist","Playlist","USUM70824409","1QV6tiMFM6fSOKOGLMHYYg"
"Radio Ga Ga - Remastered 2011","Queen","The Works (2011 Remaster)","The Playlist","Playlist","GBUM71029623","1nQRg9q9uwALGzouOX5OyQ"
"T.N.T.","AC/DC","High Voltage","The Playlist","Playlist","AUAP07600012","7LRMbd3LEoV5wZJvXT1Lwb"
"Self Control","Laura Branigan","Self Control","The Playlist","Playlist","USAT20903047","6JNJERZGJwDVgkmbohBw7u"
"Live Is Life - Live","Opus","Wiesn Hits 2019 - Die Besten Oktoberfest Hits","The Playlist","Playlist","ATM470300211","3EflfkTW9dgn7cjximjZp1"
"A Kind Of Magic - Remastered 2011","Queen","A Kind Of Magic (2011 Remaster)","The Playlist","Playlist","GBUM71029621","5RYLa5P4qweEAKq5U1gdcK"
"Highway to Hell","AC/DC","Highway to Hell","The Playlist","Playlist","AUAP07900028","2zYzyRzz6pRmhPzyfMEC8s"
"Under Pressure - Remastered 2011","Queen","Hot Space (2011 Remaster)","The Playlist","Playlist","GBUM71029622","2fuCquhmrzHpu5xcA1ci9x"
"Escape (The Pina Colada Song)","Rupert Holmes","Partners In Crime","The Playlist","Playlist","USMC17948997","5IMtdHjJ1OtkxbGe4zfUxQ"
"New York, New York","Frank Sinatra","Duets (20th Anniversary Deluxe Edition)","The Playlist","Playlist","USCA29300070","4NdzFKsviXMxchKjzPhnKW"
"House of the Rising Sun","The Animals","The Singles Plus","The Playlist","Playlist","GBAYE6400209","4mn2kNTqiGLwaUR8JdhJ1l"
"What A Wonderful World","Louis Armstrong","What A Wonderful World","The Playlist","Playlist","USMC16758823","1qCQTy0fTXerET4x8VHyr9"
"Sh Boom Life Could Be a Dream","The Chordettes","Mr Sandman","The Playlist","Playlist","DETL61616915","6q6FrASxVY04n22Q5NVNu7"
"A Man Without Love","Engelbert Humperdinck","A Man Without Love","The Playlist","Playlist","GBF076800400","0oUBuOO4g9P4lREqfqR5nq"
"Hooked On A Feeling","Blue Swede","Hooked On A Feeling","The Playlist","Playlist","SEAMA7343050","6Ac4NVYYl2U73QiTt11ZKd"
"Don't Worry Be Happy","Bobby McFerrin","The Collection","The Playlist","Playlist","USEM38800361","5YbgcwHjQhdT1BYQ4rxWlD"
"Smooth Criminal - 2012 Remaster","Michael Jackson","Bad 25th Anniversary","The Playlist","Playlist","USSM11204989","2bCQHF9gdG5BNDVuEIEnNk"
"Fox On The Run","Sweet","Best Of Sweet","The Playlist","Playlist","USCA28800173","66gG8RzSA2sVQwME8e43wX"
"Surfin' U.S.A. - Remastered 2001","The Beach Boys","Surfin' USA (Remastered)","The Playlist","Playlist","USCA20001654","0wz1LjDb9ZNEYwOmDJ3Q4b"
"YMCA - Original Version 1978","Village People","YMCA","The Playlist","Playlist","FR6V80878846","54OR1VDpfkBuOY5zZjhZAY"
"Down Under","Men At Work","Business As Usual","The Playlist","Playlist","USSM18100411","5pSvjjfsh34sLrkYSNGCl4"
"More Than A Woman - From ""Saturday Night Fever"" Soundtrack","Bee Gees","How Can You Mend A Broken Heart","The Playlist","Playlist","NLF057790033","2cX2coZS1PYBfPs8wgbdWE"
"Come Fly With Me - Remastered 1998","Frank Sinatra","Come Fly With Me (Expanded Edition)","The Playlist","Playlist","USCA29800360","4hHbeIIKO5Y5uLyIEbY9Gn"
"Tiny Dancer","Elton John","Madman Across The Water","The Playlist","Playlist","GBAMB7100001","2TVxnKdb3tqe1nhQWwwZCO"
"Rocket Man (I Think It's Going To Be A Long, Long Time)","Elton John","Honky Chateau","The Playlist","Playlist","GBAMB7200006","3gdewACMIVMEWVbyb8O9sY"
"I Was Made For Lovin' You","KISS","Dynasty (Remastered Version)","The Playlist","Playlist","USPR39330175","6S9q9mEifNdnTNlli2xSuD"
"Sweet Dreams (Are Made of This) - 2005 Remaster","Eurythmics","Sweet Dreams (Are Made Of This)","The Playlist","Playlist","GBARL0300589","1TfqLAPs4K3s2rJMoCokcS"
"Never Gonna Give You Up","Rick Astley","Whenever You Need Somebody","The Playlist","Playlist","GBARL9300135","4cOdK2wGLETKBW3PvgPWqT"
"Cheri Cheri Lady","Modern Talking","Let's Talk About Love","The Playlist","Playlist","DEC738500001","2aEuA8PSqLa17Y4hKPj5rr"
"Another Brick In The Wall, Pt. 2 - 2011 Remastered Version","Pink Floyd","The Wall (Remastered)","The Playlist","Playlist","GBN9Y1100099","7rPzEczIS574IgPaiPieS3"
"Hit the Road Jack","Ray Charles","True Genius","The Playlist","Playlist","QZR8K2111005","5dUMh0ugelpKfoFp3qChuK"
"(I Just) Died In Your Arms","Cutting Crew","Broadcast","The Playlist","Playlist","GBAAA8600046","4ByEFOBuLXpCqvO1kw8Wdm"
"Fortunate Son","Creedence Clearwater Revival","Willy And The Poor Boys (Expanded Edition)","The Playlist","Playlist","USC4R0817618","4BP3uh0hFLFRb5cjsgLqDh"
"California Dreamin' - Single Version","The Mamas & The Papas","If You Can Believe Your Eyes & Ears","The Playlist","Playlist","USMC16532697","4s6LhHAV5SEsOV0lC2tjvJ"
"I Get Around (Mono)","The Beach Boys","All Summer Long (Mono & Stereo)","The Playlist","Playlist","USCA21202039","3v9xlH6BpmRbqL7hgNJhfT"
"Rock And Roll All Nite","KISS","Dressed To Kill (Remastered Version)","The Playlist","Playlist","USPR37509157","0fCWbJq1hagsRgShtn6gIU"
"You Shook Me All Night Long","AC/DC","Back In Black","The Playlist","Playlist","AUAP08000047","2SiXAy7TuUkycRVbbWDEpo"
"Breathe (In The Air) - 2011 Remastered Version","Pink Floyd","The Dark Side Of The Moon (2011 Remastered Version)","The Playlist","Playlist","GBN9Y1100077","3zJRvtQkHQRTNEXSY8jQPR"
"Can't Take My Eyes Off You","Engelbert Humperdinck","A Man Without Love","The Playlist","Playlist","GBF076800380","7oHymG8r14Iv9zn5hFTNax"
"Free Bird","Lynyrd Skynyrd","Pronounced' Leh-'Nerd 'Skin-'Nerd","The Playlist","Playlist","USMC17301722","5EWPGh7jbTNO2wakv8LjUI"
"Smooth Operator - Single Version","Sade","The Best of Sade","The Playlist","Playlist","GBBBM8400016","1Hv1VTm8zeOeybub15mA2R"
"Money, Money, Money","ABBA","Arrival","The Playlist","Playlist","SEAYD7601060","3lKN03PDeBnXZS7sDukRBt"
"Mamma Mia","ABBA","Abba","The Playlist","Playlist","SEAYD7501010","2TxCwUlqaOH3TIyJqGgR91"
"Dancing Queen","ABBA","Arrival","The Playlist","Playlist","SEAYD7601020","0GjEhVFGZW8afUYGChu3Rr"
"Forever Young","Alphaville","Forever Young","The Playlist","Playlist","DEA629260150","4S1VYqwfkLit9mKVY3MXoo"
"Holding Out for a Hero - From ""Footloose"" Soundtrack","Bonnie Tyler","Secret Dreams and Forbidden Fire","The Playlist","Playlist","USSM18300449","5Hyr47BBGpvOfcykSCcaw9"
"I Will Survive","Gloria Gaynor","Love Tracks","The Playlist","Playlist","USUR10200634","7rIovIsXE6kMn629b7kDig"
"I Will Follow You","Ricky Nelson","For Your Sweet Love","The Playlist","Playlist","USUM71511142","4Y6pdMS2PwGshq1MYcJ9fC"
"A Man Without Love","Engelbert Humperdinck","A Man Without Love","The Playlist","Playlist","GBF076800400","0oUBuOO4g9P4lREqfqR5nq"
"Here Comes The Sun - Remastered","The Beatles","Abbey Road (Remastered)","The Playlist","Playlist","GBAYE0601696","45yEy5WJywhJ3sDI28ajTm"
"Yesterday - Remastered","The Beatles","Help! (Remastered)","The Playlist","Playlist","GBAYE0601477","1e0hllQ23AG0QGFgezgLOq"
"In My Life - Remastered","The Beatles","Rubber Soul (Remastered)","The Playlist","Playlist","GBAYE0601489","5QqdvVeYLL1xvZ1ndUjxnO"
"Let It Be - Remastered","The Beatles","Let It Be (Remastered)","The Playlist","Playlist","GBAYE0601713","5V1AHQugSTASVez5ffJtFo"
"Ob-La-Di, Ob-La-Da - Remastered","The Beatles","The Beatles (Remastered)","The Playlist","Playlist","GBAYE0601647","3fuEJBCK3kWnJHFTODR4cb"
"Lucy In The Sky With Diamonds - Remastered","The Beatles","Sgt. Pepper's Lonely Hearts Club Band (Remastered)","The Playlist","Playlist","GBAYE0601509","3FCnUhO6ao6hFRgCLPkSUE"
"All You Need Is Love - Remastered","The Beatles","Magical Mystery Tour (Remastered)","The Playlist","Playlist","GBAYE0601643","3xMSaDC9TU6AQJIsxQB7MK"
"Oh! Darling - 2019 Mix","The Beatles","Oh! Darling","The Playlist","Playlist","GBUM71903332","0vCuYbvaN9wd8dA0LZ40i7"
"Hey Jude - Remastered 2015","The Beatles","1 (Remastered)","The Playlist","Playlist","GBUM71505902","3H7sv3Krffn15BufUuXzf3"
"She Loves You - Mono / Remastered","The Beatles","The Beatles 1962 - 1966 (Remastered)","The Playlist","Playlist","GBAYE0900759","7zmMlHeeN2DW8D8aKQYC0i"
"Something - Remastered","The Beatles","Abbey Road (Remastered)","The Playlist","Playlist","GBAYE0601691","7oSUp4yZ0FbuSvVmCxH2ty"
"Gimme! Gimme! Gimme! (A Man After Midnight)","ABBA","ABBA Gold","The Playlist","Playlist","SEAYD7901120","2TjNlK2tNBxF8C8RIaK9Gb"
"Lay All Your Love On Me","ABBA","Super Trouper","The Playlist","Playlist","SEAYD8001090","4euAGZTszWPrriggYK0HG9"
"Last Friday Night (T.G.I.F.)","Katy Perry","Teenage Dream: The Complete Confection","The Playlist","Playlist","USCA21001264","455AfCsOhhLPRc68sE01D8"
"Girls Just Want to Have Fun","Cyndi Lauper","She's So Unusual","The Playlist","Playlist","USSM18300548","4y1LsJpmMti1PfRQV9AWWe"
"Running Up That Hill (A Deal With God) - 2018 Remaster","Kate Bush","Hounds of Love (2018 Remaster)","The Playlist","Playlist","GBAYE1800884","29d0nY7TzCoi22XBqDQkiP"
"Purple Rain","Prince","Purple Rain","The Playlist","Playlist","USWB10001880","54X78diSLoUDI3joC2bjMz"
"Another Love","Tom Odell","Long Way Down (Deluxe)","The Playlist","Playlist","GBARL1300107","3JvKfv6T31zO0ini8iNItO"
"I Was Made For Lovin' You","KISS","Dynasty","The Playlist","Playlist","USPR39330175","07q0QVgO56EorrSGHC48y3"
"Johnny B. Goode","Chuck Berry","Berry Is On Top","The Playlist","Playlist","USMC15719963","2QfiRTz5Yc8DdShCxG1tB2"
"Titanium (feat. Sia)","David Guetta","Nothing but the Beat (Ultimate Edition)","The Playlist","Playlist","GB28K1100036","0TDLuuLlV54CkRRUOahJb4"
"Believer","Imagine Dragons","Evolve","The Playlist","Playlist","USUM71700626","0pqnGHJpmpxLKifKRmU6WP"
"Sweet Caroline","Neil Diamond","Sweet Caroline","The Playlist","Playlist","USMC16991138","62AuGbAkt8Ox2IrFFb8GKV"
"GAS GAS GAS - EXTENDED MIX","Manuel","GAS GAS GAS","The Playlist","Playlist","ITA870700318","5A32buYzWvtkJizBkX8OCQ"
"I Like It Like That","Pete Rodriguez","I Like It Like That","The Playlist","Playlist","USDBB0600184","6Wy3X4jSszfisnRscJCHdq"
"Take Me Home, Country Roads","John Denver","The John Denver Collection, Vol 1: Take Me Home Country Roads","The Playlist","Playlist","USA370529726","1QbOvACeYanja5pbnJbAmk"
"Think","Aretha Franklin","Soul Queen","The Playlist","Playlist","USAT29902238","0jkBzn7J5jc889TYxwvXy6"
"Let's Get It On","Marvin Gaye","Let's Get It On (Deluxe Edition)","The Playlist","Playlist","USMO17300037","5yr8pi3uCjTYOnTqstBBdm"
"Karma Police","Radiohead","OK Computer","The Playlist","Playlist","GBAYE9701368","63OQupATfueTdZMWTxW03A"
"Pump It","Black Eyed Peas","Monkey Business","The Playlist","Playlist","USIR10500407","2ygMBIctKIAfbEBcT9065L"
"Locked out of Heaven","Bruno Mars","Unorthodox Jukebox","The Playlist","Playlist","USAT21203287","3w3y8KPTfNeOKPiqUTakBh"
"When I Was Your Man","Bruno Mars","Unorthodox Jukebox","The Playlist","Playlist","USAT21206701","0nJW01T7XtvILxQgC5J7Wh"
"The Lazy Song","Bruno Mars","Doo-Wops & Hooligans","The Playlist","Playlist","USAT21001886","386RUes7n1uM1yfzgeUuwp"
"Bohemian Rhapsody - Remastered 2011","Queen","A Night At The Opera (2011 Remaster)","The Playlist","Playlist","GBUM71029604","1AhDOtG9vPSOmsWgNW0BEY"
"Save Me - Remastered 2011","Queen","The Game (Deluxe Edition 2011 Remaster)","The Playlist","Playlist","GBUM71029611","3qbg9WeVhYGE7pCy3CwBJH"
"Killer Queen","Queen","Bohemian Rhapsody (The Original Soundtrack)","The Playlist","Playlist","GBUM71029606","300YN8ebGB90nDuzgz0f3O"
"Love Of My Life - Remastered 2011","Queen","A Night At The Opera (Deluxe Remastered Version)","The Playlist","Playlist","GBUM71100536","790YJcgHlN3SaosQCHlWzn"
"A Kind Of Magic - Remastered 2011","Queen","A Kind Of Magic (2011 Remaster)","The Playlist","Playlist","GBUM71029621","5RYLa5P4qweEAKq5U1gdcK"
"I Want It All - Remastered 2011","Queen","Greatest Hits II (2011 Remaster)","The Playlist","Playlist","GBUM71029624","59CsbfwLNCAUGbBQV3Tki4"
"DotA - Radio Edit","Basshunter","Now You're Gone - The Album","The Playlist","Playlist","SEPQA0651310","5uxYTDNKEOxcrlWyuMNjaM"
"We Are Young (feat. Janelle Monáe)","fun.","Some Nights","The Playlist","Playlist","USAT21101399","5rgy6ghBq1eRApCkeUdJXf"
"Beggin'","Måneskin","Chosen","The Playlist","Playlist","ITB001700846","3Wrjm47oTz2sjIgck11l5e"
"7 Years","Lukas Graham","Lukas Graham","The Playlist","Playlist","USWB11506516","5kqIPrATaCc2LqxVWzQGbk"
"I Want It All - Single Version","Queen","The Miracle (Collector's Edition)","The Playlist","Playlist","GBCEE1000031","1gBNoqhVLbIMuBQmXKmyLj"
"California Dreamin' - Single Version","The Mamas & The Papas","If You Can Believe Your Eyes & Ears","The Playlist","Playlist","USMC16532697","4s6LhHAV5SEsOV0lC2tjvJ"
"Rocket Man (I Think It's Going To Be A Long, Long Time)","Elton John","Honky Chateau","The Playlist","Playlist","GBAMB7200006","3gdewACMIVMEWVbyb8O9sY"
"It's Not Unusual","Tom Jones","Along Came Jones","The Playlist","Playlist","GBF076520010","3TlIt0ReIxPsVZcOEivT5U"
"Tiny Dancer","Elton John","Madman Across The Water","The Playlist","Playlist","GBAMB7100001","2TVxnKdb3tqe1nhQWwwZCO"
"You Shook Me All Night Long","AC/DC","Back In Black","The Playlist","Playlist","AUAP08000047","2SiXAy7TuUkycRVbbWDEpo"
"Paranoid - 2009 Remaster","Black Sabbath","Paranoid","The Playlist","Playlist","GBAJE7000057","3Jnxngdff0lVu2rza1GVx6"
"Dragostea din tei","O-Zone","DiscO-Zone","The Playlist","Playlist","ROMSA0600487","52Zr0sinhWTCRrQhRRY4EP"
"Homage","Mild High Club","Skiptracing","The Playlist","Playlist","US2S71673002","7DcJ6fEBb7BaKuYKTwiDxK"
"Kashmir - 1990 Remaster","Led Zeppelin","Physical Graffiti (1994 Remaster)","The Playlist","Playlist","USAT29900621","2nVHqZbOGkKWzlcy1aMbE7"
"Stairway to Heaven - Remaster","Led Zeppelin","Led Zeppelin IV (Deluxe Edition)","The Playlist","Playlist","USAT21300959","5CQ30WqJwcep0pYcV4AMNc"
"Immigrant Song - Remaster","Led Zeppelin","Led Zeppelin III (Remaster)","The Playlist","Playlist","USAT21300934","78lgmZwycJ3nzsdgmPPGNx"
"D'yer Mak'er - 1990 Remaster","Led Zeppelin","Houses of the Holy (1994 Remaster)","The Playlist","Playlist","USAT20614338","6UCb3me83cyCV19sjvucte"
"Stolen Dance","Milky Chance","Sadnecessary","The Playlist","Playlist","DEL211300741","34xGLuxM0rkxhCVyMSqwJO"
"Soul Kitchen - New Stereo Mix; Advanced Resolution","The Doors","The Future Starts Here: The Essential Doors Hits","The Playlist","Playlist","USEE10608254","6slVT5QQ89nPFiqRue2HBo"
"My Girl","The Temptations","Gold","The Playlist","Playlist","USMO16490001","4GzEUG2exyfdIVfhHCxeVs"
"Papa Was A Rollin' Stone - Single Version","The Temptations","Gold","The Playlist","Playlist","USMO17200080","5Azp9obTPbd5hAgMc6CWWd"
"Walk Away From Love","David Ruffin","20th Century Masters: The Millennium Collection: Best of David Ruffin","The Playlist","Playlist","USMO10000353","6elKfVvcYhjGnhBQ6suZfx"
"Blame It on the Boogie","The Jacksons","The Essential Jacksons","The Playlist","Playlist","USSM17801024","2JPhjahxid1Y6nv6keJ3q2"
"Lambada - Original Version 1989","Kaoma","Lambada - Les originaux No. 1 de l'été (Original 1989)","The Playlist","Playlist","FR6V89602629","6xepovPqjvrkEw9Y5AMmTm"
"Billie Jean","Michael Jackson","Thriller","The Playlist","Playlist","USSM19902991","7J1uxwnxfQLu4APicE5Rnj"
"She Knows (feat. Amber Coffman & Cults)","J. Cole","Born Sinner (Deluxe Version)","The Playlist","Playlist","USQX91301184","0Fs9cdPDhptWEDJmiCbkEW"
"Gangsta's Paradise","Coolio","Gangsta's Paradise","The Playlist","Playlist","USTB10400128","1DIXPcTDzTj8ZMHt3PDt8p"
"The Perfect Girl","Mareux","The Perfect Girl","The Playlist","Playlist","QZF8N1986577","5RBOcBpJXaNnHCGViJmYhh"
"Young Folks","Peter Bjorn and John","Writer's Block","The Playlist","Playlist","SEBPA0600024","4dyx5SzxPPaD8xQIid5Wjj"
"21 Guns","Green Day","21st Century Breakdown","The Playlist","Playlist","USRE10900679","64yrDBpcdwEdNY9loyEGbX"
"Wake Me up When September Ends","Green Day","American Idiot","The Playlist","Playlist","USRE10400992","3ZffCQKLFLUvYM59XKLbVm"
"Billie Jean","Michael Jackson","Thriller 25 Super Deluxe Edition","The Playlist","Playlist","USSM19902991","5ChkMS8OtdzJeqyybCc9R5"
"Veridis Quo","Daft Punk","Discovery","The Playlist","Playlist","GBDUW0000066","2LD2gT7gwAurzdQDQtILds"
"Somewhere Only We Know","Keane","Hopes And Fears","The Playlist","Playlist","GBAAN0300664","1SKPmfSYaPsETbRHaiA18G"
"Sarà perché ti amo","Ricchi E Poveri","The Collection","The Playlist","Playlist","USBI10000112","7037bX3jdaUWUAXL12CHGy"
"Around the World","Daft Punk","Homework","The Playlist","Playlist","GBDUW0600009","1pKYYY0dkg23sQQXi0Q5zN"
"Instant Crush (Drumless Edition) (feat. Julian Casablancas)","Daft Punk","Random Access Memories (Drumless Edition)","The Playlist","Playlist","GBDUW2300130","2jmKcUO1mjqU4uypiDvpny"
"Instant Crush (feat. Julian Casablancas)","Daft Punk","Random Access Memories","The Playlist","Playlist","USQX91300105","2cGxRwrMyEAp8dEbuZaVv6"
"Tendre Sam","Vladimir Cosma","Sam et Sally (Bande originale de la série télévisé)","The Playlist","Playlist","NLF361100660","7F4L88rZn2sXjNgDp0P4VI"
"Give Life Back to Music","Daft Punk","Random Access Memories","The Playlist","Playlist","USQX91300101","0dEIca2nhcxDUV8C5QkPYb"
"Robot Rock","Daft Punk","Human After All","The Playlist","Playlist","GBDUW0400103","7LL40F6YdZgeiQ6en1c7Lk"
"People Are Strange","The Doors","Strange Days","The Playlist","Playlist","USEE19900740","1Jmqubf9kGkWeYQXQKImL5"
"Your Woman","White Town","Women in Technology","The Playlist","Playlist","GBAYE9600116","3UBItNVbFQiVC5hBQlBvnr"
"Uprising","Muse","The Resistance","The Playlist","Playlist","GBAHT0900320","4VqPOruhp5EdPBeR92t6lQ"
"Take Me Out","Franz Ferdinand","Franz Ferdinand","The Playlist","Playlist","GBCEL0300192","20I8RduZC2PWMWTDCZuuAN"
"Lovin' Feeling","French 79","Olympic","The Playlist","Playlist","FR9W11161077","5pxtj7cCnv2hZe6mbS2MBx"
"Agitations tropicales","L'Impératrice","Odyssée - EP","The Playlist","Playlist","GBMJG1509536","2La21GqU4fKTQLcfLxTeoz"
"Blue (Da Ba Dee) - Gabry Ponte Ice Pop Radio","Eiffel 65","Europop","The Playlist","Playlist","ITT019810102","2yAVzRiEQooPEJ9SYx11L3"
"Da Funk","Daft Punk","Homework","The Playlist","Playlist","GBDUW0600006","0MyY4WcN7DIfbSmp5yej5z"
"Shooting Stars","Bag Raiders","Bag Raiders (Deluxe)","The Playlist","Playlist","AUUM71001517","0UeYCHOETPfai02uskjJ3x"
"Technologic","Daft Punk","Human After All","The Playlist","Playlist","GBDUW0400109","1iNeZGJsoC0D7ZyJTdIbDS"
"Sweater Weather","The Neighbourhood","I Love You.","The Playlist","Playlist","USSM11300080","2QjOHCTQ1Jl3zawyYOpxh6"
"Stolen Dance","Milky Chance","Sadnecessary","The Playlist","Playlist","DEL211300741","6vECYJHxYmm3Ydt3fF01pE"
"Aerodynamic","Daft Punk","Discovery","The Playlist","Playlist","GBDUW0000057","3H3cOQ6LBLSvmcaV7QkZEu"
"The Game of Love","Daft Punk","Random Access Memories","The Playlist","Playlist","USQX91300102","3ctALmweZBapfBdFiIVpji"
"Within","Daft Punk","Random Access Memories","The Playlist","Playlist","USQX91300104","7Bxv0WL7UC6WwQpk9TzdMJ"
"Lose Yourself to Dance (feat. Pharrell Williams)","Daft Punk","Random Access Memories","The Playlist","Playlist","USQX91300106","5CMjjywI0eZMixPeqNd75R"
"Touch (feat. Paul Williams)","Daft Punk","Random Access Memories","The Playlist","Playlist","USQX91300107","7oaEjLP2dTJLJsITbAxTOz"
"Get Lucky (feat. Pharrell Williams and Nile Rodgers)","Daft Punk","Random Access Memories","The Playlist","Playlist","USQX91300108","69kOkLUCkxIZYexIgSG8rq"
"Lady - Hear Me Tonight","Modjo","Modjo Band (Remastered)","The Playlist","Playlist","FR9W10100535","70HxNVlYQ0Hi6XqBtPLw80"
"Gimme! Gimme! Gimme! (A Man After Midnight)","ABBA","Voulez-Vous","The Playlist","Playlist","SEAYD7901120","3vkQ5DAB1qQMYO4Mr9zJN6"
"Something About Us","Daft Punk","Discovery","The Playlist","Playlist","GBDUW0000064","1NeLwFETswx8Fzxl2AFl91"
"Digital Love","Daft Punk","Discovery","The Playlist","Playlist","GBDUW0000058","2VEZx7NWsZ1D0eJ4uv5Fym"
"Face to Face","Daft Punk","Discovery","The Playlist","Playlist","GBDUW0000068","7v9Q0dAb9t7h8gJOkcJHay"
"D.A.N.C.E.","Justice","Justice","The Playlist","Playlist","FR0NT0700420","33yAEqzKXexYM3WlOYtTfQ"
"Dirty Harry (feat. Bootie Brown)","Gorillaz","Demon Days","The Playlist","Playlist","GBAYE0402431","2bfGNzdiRa1jXZRdfssSzR"
"Sirius","The Alan Parsons Project","Eye In The Sky (Expanded Edition)","The Playlist","Playlist","USAR19700018","4OV0sRTFrZLXaZZ1sS9hLn"
"Hysteria","Muse","Absolution","The Playlist","Playlist","GBAHT1901186","0knbMPVHpFbsx38pLoYSRs"
"Fragments of Time (feat. Todd Edwards)","Daft Punk","Random Access Memories","The Playlist","Playlist","USQX91300111","0IedgQjjJ8Ad4B3UDQ5Lyn"
"Infinity Repeating (2013 Demo) [feat. Julian Casablancas+The Voidz]","Daft Punk","Random Access Memories (10th Anniversary Edition)","The Playlist","Playlist","GBDUW2300030","4r4fX4NZIqVIhGyDvERp0l"
"The Scientist","Coldplay","A Rush of Blood to the Head","The Playlist","Playlist","GBAYE0200772","75JFxkI2RXiU7L9VXzMkle"
"Just Give Me a Reason (feat. Nate Ruess)","P!nk","The Truth About Love","The Playlist","Playlist","USRC11200786","1mKXFLRA179hdOWQBwUk9e"
"Rolling in the Deep","Adele","21","The Playlist","Playlist","GBBKS1000335","6IAZHEBUIGJ6NJKxxOBIEr"
"Hot N Cold","Katy Perry","One Of The Boys","The Playlist","Playlist","USCA20802544","1ulXmqjktxSdrdT1bzc69H"
"Crossfire","Stephen","Crossfire","The Playlist","Playlist","TCACK1506268","5HjBpej4uHPAX8sMeUFJms"
"Somethin' Stupid","Frank Sinatra","The World We Knew","The Playlist","Playlist","USRH10800988","4feXcsElKIVsGwkbnTHAfV"
"The Less I Know The Better","Tame Impala","Currents","The Playlist","Playlist","AUUM71500303","6K4t31amVTZDgR3sKmwUJJ"
"Blinding Lights","The Weeknd","After Hours","The Playlist","Playlist","USUG11904206","0VjIjW4GlUZAMYd2vXMi3b"
"Fun Tonight","Macross 82-99","CHAM!","The Playlist","Playlist","USLZJ1562986","4MmO631CdxuFOm18UVbhkp"
"September","Earth, Wind & Fire","The Best Of Earth, Wind & Fire Vol. 1","The Playlist","Playlist","USSM17800845","2grjqo0Frpf2okIBiifQKs"
"Rock Me Amadeus","Falco","Falco 3","The Playlist","Playlist","ATB158500018","0DfG1ltJnZyq4Tx3ZLL7ZU"
"99 Luftballons","Nena","Nena","The Playlist","Playlist","DEE868300011","2IJftBfq7pJ43tfnOR0RB3"
"Stayin' Alive - From ""Saturday Night Fever"" Soundtrack","Bee Gees","Tales From The Brothers Gibb","The Playlist","Playlist","NLF057790034","79hJaqmVdohltPBNN6BULM"
"Reptilia","The Strokes","Room On Fire","The Playlist","Playlist","USRC10301519","57Xjny5yNzAcsxnusKmAfA"
"Funny Thing","Thundercat","It Is What It Is","The Playlist","Playlist","GBCFB2000016","1c5CllrZr45UBhWpIqM332"
"Call Me Maybe","Carly Rae Jepsen","Kiss","The Playlist","Playlist","CAB391100615","20I6sIOMTCkB6w7ryavxtO"
"The Deceiving","Tim Atlas","The Deceiving","The Playlist","Playlist","CAN112301945","3GXVVxYAL6sTG8ICC6pD9R"
"Somebody That I Used To Know","Gotye","Making Mirrors","The Playlist","Playlist","AUZS21100040","6md4w95cnKaW64JyEQ3A0L"
"Stressed Out","Twenty One Pilots","Blurryface","The Playlist","Playlist","USAT21500597","3CRDbSIZ4r5MsZ0YwxuEkn"
"Nightcall","Kavinsky","Nightcall","The Playlist","Playlist","FRS710900410","0U0ldCRmgCqhVvD6ksG63j"
"Music Sounds Better With You - Radio Edit","Stardust","Music Sounds Better With You","The Playlist","Playlist","FR11Q9800001","1mv4lh1rW1K6xhxhJmEezy"
"You Can't Always Get What You Want","The Rolling Stones","Let It Bleed","The Playlist","Playlist","USA176910100","6lFZbCc7pn6Lme1NP7qQqQ"
"Son Of A Preacher Man","Dusty Springfield","Dusty In Memphis","The Playlist","Playlist","GBF080201245","6ek9SiEj5a65WIs2EV7qiM"
"Song 2 - 2012 Remaster","Blur","Blur (Special Edition)","The Playlist","Playlist","GBAYE1200348","1FTSo4v6BOZH9QxKc3MbVM"
"The Middle","Jimmy Eat World","Bleed American","The Playlist","Playlist","USDW10110256","6GG73Jik4jUlQCkKg9JuGO"
"Tiny Dancer","Elton John","Almost Famous (Music From The Motion Picture)","The Playlist","Playlist","GBAMB7100001","6MV9CNu8TCE2281ltK3rh0"
"Zombie","The Cranberries","No Need To Argue (The Complete Sessions 1994-1995)","The Playlist","Playlist","USIR29400443","7EZC6E7UjZe63f1jRmkWxt"
"The Winner Takes It All","ABBA","ABBA Gold","The Playlist","Playlist","SEAYD8001020","3cyAoKvbHmoOjp0Ww8mlB1"
"Hold the Line","TOTO","Toto","The Playlist","Playlist","USSM17800444","4aVuWgvD0X63hcOCnZtNFA"
"Chasing Cars","Snow Patrol","Eyes Open","The Playlist","Playlist","GBUM70600345","5hnyJvgoWiQUYZttV4wXy6"
"Livin' On A Prayer","Bon Jovi","Slippery When Wet","The Playlist","Playlist","USPR38619998","37ZJ0p5Jm13JPevGcx4SkF"
"Until I Found You","Stephen Sanchez","Until I Found You","The Playlist","Playlist","USUG12103651","0T5iIrXA4p5GsubkhuBIKV"
"Beautiful Things","Benson Boone","Beautiful Things","The Playlist","Playlist","USWB12307016","6tNQ70jh4OwmPGpYy6R2o9"
"Seven Nation Army","The White Stripes","Elephant","The Playlist","Playlist","USVT10300001","7i6r9KotUPQg3ozKKgEPIN"
"Somebody to Love","Jefferson Airplane","Surrealistic Pillow","The Playlist","Playlist","USRC10301008","4uGIJG1jYFonGc4LGp5uQL"
"Where Is My Mind? - 2007 Remaster","Pixies","Surfer Rosa (2007 Remaster)","The Playlist","Playlist","GBAFL0700145","7wCmS9TTVUcIhRalDYFgPy"
"Space Song","Beach House","Depression Cherry","The Playlist","Playlist","USSUB1512203","1ZgMsA55GIY7ICkQh5MILA"
"More Than A Woman - From ""Saturday Night Fever"" Soundtrack","Bee Gees","Greatest","The Playlist","Playlist","NLF057790033","49OMJ1prsRA7ZYgrAjz70c"
"La vie en rose - Single Version","Louis Armstrong","Satchmo Serenades","The Playlist","Playlist","USMC15076528","0zDVclPMSsjeyvbnqhWOmt"
"I Am the Antichrist to You","Kishi Bashi","151a","The Playlist","Playlist","USJZA1200013","3tnfHy341CDlAtcSmUtuOG"
"Dream A Little Dream Of Me","The Mamas & The Papas","The Papas & The Mamas","The Playlist","Playlist","USMC16846393","27hhIs2fp6w06N5zx4Eaa5"
"Yesterday - Remastered 2009","The Beatles","Help! (Remastered)","The Playlist","Playlist","GBAYE0601477","3BQHpFgAp4l80e1XslIjNI"
"Wicked Game","Chris Isaak","Heart Shaped World","The Playlist","Playlist","USRE19900989","7w5AOd6HrDIHewHfpABEss"
"In My Life - Remastered 2009","The Beatles","Rubber Soul (Remastered 2009)","The Playlist","Playlist","GBAYE0601489","3KfbEIOC7YIv90FIfNSZpo"
"Psycho Killer - 2005 Remaster","Talking Heads","Talking Heads '77 (Deluxe Version)","The Playlist","Playlist","USWB10502860","1i6N76fftMZhijOzFQ5ZtL"
"Electric Love","BØRNS","Dopamine","The Playlist","Playlist","USUM71416307","2GiJYvgVaD2HtM8GqD9EgQ"
"Dancing Queen","ABBA","Arrival","The Playlist","Playlist","SEAYD7601020","01iyCAUm8EvOFqVWYJ3dVX"
"Super Trouper","ABBA","Super Trouper","The Playlist","Playlist","SEAYD8001010","0J2p4KYdr6Mg4ET6JPlbe1"
"I Have A Dream","ABBA","Voulez-Vous","The Playlist","Playlist","SEAYD7901030","1PtJclc46wTk367PlsU6Uj"
"Money, Money, Money","ABBA","Arrival","The Playlist","Playlist","SEAYD7601060","0hpYclJ5fdzxrPCoF1INVo"
"S.O.S.","ABBA","Abba","The Playlist","Playlist","SEAYD7501040","2c6BNK8IQjsFdUznUBDe4N"
"The Winner Takes It All","ABBA","Super Trouper","The Playlist","Playlist","SEAYD8001020","5kBZR12AntJUTo9UeAsKqP"
"Mamma Mia","ABBA","Abba","The Playlist","Playlist","SEAYD7501010","5ztQHTm1YQqcTkQmgDEU4n"
"The Winner Takes It All","ABBA","Super Trouper","The Playlist","Playlist","SEAYD8001020","3oEkrIfXfSh9zGnE7eBzSV"
"Lithium","Nirvana","Nevermind (Remastered)","The Playlist","Playlist","USGF19942505","5vHLwhxxlGzmClMcxRRFPr"
"Come As You Are","Nirvana","Nevermind (Remastered)","The Playlist","Playlist","USGF19942503","2RsAajgo0g7bMCHxwH3Sk0"
"Roxanne","The Police","Outlandos D'Amour (Remastered 2003)","The Playlist","Playlist","GBAAM0201086","3EYOJ48Et32uATr9ZmLnAo"
"The Man Who Sold The World - Live","Nirvana","MTV Unplugged In New York","The Playlist","Playlist","USGF19972704","15VRO9CQwMpbqUYA7e6Hwg"
"Should I Stay or Should I Go - Remastered","The Clash","Combat Rock (Remastered)","The Playlist","Playlist","GBARL1200670","39shmbIHICJ2Wxnk1fPSdz"
"Smells Like Teen Spirit","Nirvana","Nevermind (Remastered)","The Playlist","Playlist","USGF19942501","4CeeEOM32jQcH3eN9Q2dGj"
"The Passenger","Iggy Pop","Lust For Life","The Playlist","Playlist","USVI20700278","15BQ7vEDv2LJuh8TxWIhtd"
"Englishman In New York","Sting","...Nothing Like The Sun","The Playlist","Playlist","USAM18700040","4KFM3A5QF2IMcc6nHsu3Wp"
"Don't Stop Believin' (2022 Remaster)","Journey","Escape (2022 Remaster)","The Playlist","Playlist","USSM18100116","5RKQ5NdjSh2QzD4MaunT91"
"In The Army Now","Status Quo","In The Army Now","The Playlist","Playlist","GBF080080176","6QLspHLCLftSGPa6vNzKuo"
"(I Can't Get No) Satisfaction - Mono","The Rolling Stones","Out Of Our Heads","The Playlist","Playlist","USA176510160","2PzU4IB8Dr6mxV3lHuaG34"
"Smalltown Boy","Bronski Beat","The Age of Consent","The Playlist","Playlist","GBAAP0200005","5vmRQ3zELMLUQPo2FLQ76x"
"Enjoy the Silence","Depeche Mode","The Singles 86-98","The Playlist","Playlist","GBAJH9800146","6WK9dVrRABMkUXFLNlgWFh"
"Axel F","Harold Faltermeyer","Harold F","The Playlist","Playlist","USMC18416586","2kgqupahrJpYB4r1poTXEY"
"Sweet Caroline","Neil Diamond","Sweet Caroline","The Playlist","Playlist","USWWW0130327","3298yRJKPcCndQdNiTZKIo"
"September","Earth, Wind & Fire","Now, Then & Forever","The Playlist","Playlist","USSM17800419","1mqlc0vEP9mU1kZgTi6LIQ"
"Come As You Are","Nirvana","Nevermind (Deluxe Edition)","The Playlist","Playlist","USGF19942503","0MKGH8UMfCnq5w7nG06oM5"
"Zombie","The Cranberries","No Need To Argue","The Playlist","Playlist","USIR29400443","2IZZqH4K02UIYg5EohpNHF"
"Thunderstruck","AC/DC","The Razors Edge","The Playlist","Playlist","AUAP09000014","57bgtoPSgt236HzfBOd8kj"
"Thriller","Michael Jackson","Thriller 25 Super Deluxe Edition","The Playlist","Playlist","USSM19902989","3S2R0EVwBSAVMd5UMgKTL0"
"Sweat (A La La La La Long)","Inner Circle","Blazzin' Fire","The Playlist","Playlist","USA2P1004785","1SssFw74DdHVjRa6ADggdD"
"No Surprises","Radiohead","OK Computer","The Playlist","Playlist","GBAYE9700386","10nyNJ6zNy2YVYLrcwLccB"
"Dumb","Nirvana","In Utero","The Playlist","Playlist","USGF19960706","5gRcv46AMTrosmTOqrOV3Q"
"Daddy Cool","Boney M.","Take The Heat Off Me","The Playlist","Playlist","DEC737600002","3WMbD1OyfKuwWDWMNbPQ4g"
"Just","Radiohead","The Bends","The Playlist","Playlist","GBAYE9400060","1dyTcli07c77mtQK3ahUZR"
"Lucky - Remastered","Radiohead","OK Computer OKNOTOK 1997 2017","The Playlist","Playlist","GBBKS1700117","3YufhAFnp3RUyFwOEmqc3d"
"Exit Music (For A Film) - Remastered","Radiohead","OK Computer OKNOTOK 1997 2017","The Playlist","Playlist","GBBKS1700110","7IjGG1fEIbM6EjlyfYwqni"
"Time in a Bottle","Jim Croce","You Don't Mess Around With Jim","The Playlist","Playlist","GBAJE7200780","7uWFUpGuEfmxYeymkV95jn"
"Our House","Madness","The Rise & Fall","The Playlist","Playlist","GB7GZ1000033","5ayicakbGkOJJLW26HJ8Rg"
"Up Where We Belong","Joe Cocker","The Ultimate Collection 1968-2003","The Playlist","Playlist","USIR28200024","5NoUgO4Kr93QymQGQlBC7b"
"Somebody To Love - Remastered 2011","Queen","A Day At The Races (Deluxe Edition 2011 Remaster)","The Playlist","Playlist","GBUM71029613","4rDbp1vnvEhieiccprPMdI"
"I Gotta Feeling","Black Eyed Peas","THE E.N.D. (THE ENERGY NEVER DIES) [Deluxe Version]","The Playlist","Playlist","USUM70965169","4kLLWz7srcuLKA7Et40PQR"
"Could You Be Loved","Bob Marley & The Wailers","Uprising","The Playlist","Playlist","USIR28000016","5O4erNlJ74PIF6kGol1ZrC"
"Is This Love","Bob Marley & The Wailers","Kaya","The Playlist","Playlist","USIR27800259","6JRLFiX9NJSoRRKxowlBYr"
"Buffalo Soldier","Bob Marley & The Wailers","Confrontation","The Playlist","Playlist","USIR28300004","7BfW1eoDh27W69nxsmRicb"
"Get Up, Stand Up","Bob Marley & The Wailers","Marley (The Original Soundtrack)","The Playlist","Playlist","GBAAN7390001","4hLATN2VtjiJ6jLm6V47x1"
"Jamming","Bob Marley & The Wailers","Exodus","The Playlist","Playlist","USIR27700013","3GIChxHmuLmBm5PTNZGDtj"
"Redemption Song","Bob Marley & The Wailers","Uprising","The Playlist","Playlist","USIR28000018","26PwuMotZqcczKLHi4Htz3"
"Stumblin' In","Chris Norman","Licorice Pizza (Original Motion Picture Soundtrack)","The Playlist","Playlist","DEA817800048","0ctgmKdlPY8xx41wY339Da"
"La Vie en rose","Édith Piaf","Edith Piaf - The Best Of","The Playlist","Playlist","FRZ114700100","3lAun9V0YdTlCSIEXPvfsY"
"La vie en rose","Louis Armstrong","The Very Best Of Louis Armstrong","The Playlist","Playlist","USMC15076528","0Yj7WP1MbAqQVQA5Na4I7E"
"Girl You Know It's True","Milli Vanilli","Girl You Know It's True - The Best Of Milli Vanilli","The Playlist","Playlist","DEC738800004","0C7dYeCLF6ukChtW64UNge"
"Girl You Know It's True","Milli Vanilli","Girl, You Know It's True (Sped Up)","The Playlist","Playlist","DEC738800004","6CTnIURom7GvzLqXuFHrXA"
"Better Off Alone","Alice Deejay","Who Needs Guitars Anyway?","The Playlist","Playlist","NLC529811122","5XVjNRubJUW0iPhhSWpLCj"
"I'm Gonna Miss You","Milli Vanilli","All Or Nothing","The Playlist","Playlist","DED168800007","2dThEJP9S344qzNhePcSzj"
"Snow (Hey Oh)","Red Hot Chili Peppers","Stadium Arcadium","The Playlist","Playlist","USWB10601591","2aibwv5hGXSgw7Yru8IYTO"
"Call on Me","Eric Prydz","Call On Me (Remixes)","The Playlist","Playlist","GBCEN0400131","1As4KC3YYpu89aBt7EqL2m"
"Sex on Fire","Kings of Leon","Only By The Night","The Playlist","Playlist","USRC10800300","0ntQJM78wzOLVeCUAW7Y45"
"Fly Away","Lenny Kravitz","5","The Playlist","Playlist","USVI29800169","1OxcIUqVmVYxT6427tbhDW"
"Angels","Robbie Williams","Life Thru A Lens","The Playlist","Playlist","GBAYE9700233","1M2nd8jNUkkwrc1dgBPTJz"
"Call Me","Blondie","Atomic/Atomix","The Playlist","Playlist","USCH38900008","4qO03RMQm88DdpTJcxlglY"
"On the Back Burner","The Reytons","Alcopops & Charity Shops","The Playlist","Playlist","GBLFP1888235","3dh3mOP8jfv4zbJl3HbuQK"
"How You Remind Me","Nickelback","Silver Side Up","The Playlist","Playlist","NLA320119533","0gmbgwZ8iqyMPmXefof8Yf"
"Suspicious Minds","Elvis Presley","From Elvis in Memphis","The Playlist","Playlist","USRC16901355","1H5IfYyIIAlgDX8zguUzns"
"Chelsea Dagger","The Fratellis","Costello Music","The Playlist","Playlist","GBUM70601571","1bCmvezFg5MRcENzCGG1Cy"
"I'm A Believer","Smash Mouth","Smash Mouth","The Playlist","Playlist","USDW10110177","0C9jZPUv4SuaXkuEQw6L40"
"Can't Help Falling in Love","Elvis Presley","Blue Hawaii","The Playlist","Playlist","USRC16101350","44AyOl4qVkzS48vBsbNXaC"
"Who Can It Be Now?","Men At Work","Business As Usual","The Playlist","Playlist","NLB638140001","5BCykgPXc7zEBg2oU0klvy"
"Words - Original Version 1983","F.R. David","Words","The Playlist","Playlist","FR6V81029402","1HPJOoIVdUPuaebxzMrVaD"
"Dancing With Myself","Billy Idol","Vital Idol","The Playlist","Playlist","USNPD1217889","1BY1Vd2Bt6JPOhMvsIwtVv"
"Your Love","The Outfield","Play Deep","The Playlist","Playlist","USSM10100176","0WoFs3EdGOx58yX5BtXvOa"
"Mrs. Robinson - From ""The Graduate"" Soundtrack","Simon & Garfunkel","Bookends","The Playlist","Playlist","USSM16800379","0iOZM63lendWRTTeKhZBSC"
"Waterloo","ABBA","Waterloo","The Playlist","Playlist","SEAYD7415010","3Dy4REq8O09IlgiwuHQ3sk"
"Imagine - Remastered 2010","John Lennon","Imagine","The Playlist","Playlist","GBAYE1000769","7pKfPomDEeI4TPT6EOYjn9"
"Clocks","Coldplay","A Rush of Blood to the Head","The Playlist","Playlist","GBAYE0200771","0BCPKOYdS2jbQ8iyB56Zns"
"BURN IT DOWN","Linkin Park","LIVING THINGS","The Playlist","Playlist","USWB11200587","7oVEtyuv9NBmnytsCIsY5I"
"Jailhouse Rock","Elvis Presley","Platinum - A Life In Music","The Playlist","Playlist","USRC15705223","452KBpASS5lZLeJWX9Ixub"
"Message In A Bottle","The Police","Reggatta De Blanc (Remastered 2003)","The Playlist","Playlist","GBAAM0201170","1oYYd2gnWZYrt89EBXdFiO"
"Narcotic - Radio Edit","Liquido","Narcotic","The Playlist","Playlist","DEG129800581","1H5VQuShs4qfwBXyHF0PeH"
"Jerk It Out","Caesars","Love For The Streets","The Playlist","Playlist","SEVBU0200002","5XMjXjwCkJVmk0AHm7z8IV"
"Wonderwall - Remastered","Oasis","(What's The Story) Morning Glory? (Deluxe Remastered Edition)","The Playlist","Playlist","GBQCP1400109","7ygpwy2qP3NbrxVkHvUhXY"
"Don't Look Back In Anger - Remastered","Oasis","(What's The Story) Morning Glory? (Deluxe Remastered Edition)","The Playlist","Playlist","GBQCP1400110","12dU3vAh6AFoJkisorfoUl"
"Human","The Killers","Day & Age (Bonus Tracks)","The Playlist","Playlist","USUM70837367","1sTsuZTdANkiFd7T34H3nb"
"Old Time Rock & Roll","Bob Seger","Stranger In Town","The Playlist","Playlist","USCA28600270","5EOoMWIB9iK4ZpcSex9Ec7"
"Mr. Brightside","The Killers","Hot Fuss","The Playlist","Playlist","USIR20400274","003vvx7Niy0yvhvHt4a68B"
"Best of You","Foo Fighters","In Your Honor","The Playlist","Playlist","USRW30500001","5FZxsHWIvUsmSK1IAvm2pp"
"Toxic","Britney Spears","In The Zone","The Playlist","Playlist","USJI10301005","6I9VzXrHxO9rA9A5euc8Ak"
"...Baby One More Time","Britney Spears","...Baby One More Time (Digital Deluxe Version)","The Playlist","Playlist","USJI19810404","3MjUtNVVq3C8Fn0MP3zhXa"
"Only Time","Enya","A Day Without Rain","The Playlist","Playlist","GBAHT0005349","6FLwmdmW77N1Pxb1aWsZmO"
"Harbor Lights","The Platters","Reflections","The Playlist","Playlist","USMR16088002","3bZGw3sNQ1rQoosJzr7G2e"
"Bongo Bong","Manu Chao","Clandestino","The Playlist","Playlist","FRZ189800013","00SmB7n85SKROGjybsyq5i"
"High Hopes","Panic! At The Disco","Pray for the Wicked","The Playlist","Playlist","USAT21801174","1rqqCSm0Qe4I9rUvWncaom"
"Starman - 2012 Remaster","David Bowie","The Rise and Fall of Ziggy Stardust and the Spiders from Mars (2012 Remaster)","The Playlist","Playlist","USJT11200004","0pQskrTITgmCMyr85tb9qq"
"Killing Me Softly With His Song","Roberta Flack","Killing Me Softly","The Playlist","Playlist","USAT29901394","3gsCAGsWr6pUm1Vy7CPPob"
"Behind Blue Eyes","Limp Bizkit","Results May Vary","The Playlist","Playlist","USIR10312186","1MTQHCpraD4S8g5PAFKzoj"
"Wake Me Up Before You Go-Go","Wham!","Make It Big","The Playlist","Playlist","GBBBN0009712","0ikz6tENMONtK6qGkOrU3c"
"American Pie","Don McLean","The Best Of Don McLean","The Playlist","Playlist","USEM38600088","2QgWuCtBpNIpl5trmKCxRf"
"Space Oddity - 2015 Remaster","David Bowie","David Bowie (aka Space Oddity) [2015 Remaster]","The Playlist","Playlist","USJT11500173","72Z17vmmeQKAg8bptWvpVG"
"I'm Gonna Be (500 Miles)","The Proclaimers","Finest","The Playlist","Playlist","GBAYK8800055","66S14BkJDxgkYxLl5DCqOz"
"Strawberry Fields Forever - Remastered 2009","The Beatles","Magical Mystery Tour (Remastered)","The Playlist","Playlist","GBAYE0601640","3Am0IbOxmvlSXro7N5iSfZ"
"Eleanor Rigby - Remastered 2009","The Beatles","Revolver (Remastered)","The Playlist","Playlist","GBAYE0601494","5GjPQ0eI7AgmOnADn1EO6Q"
"Don't You Want Me","The Human League","Dare!","The Playlist","Playlist","GBAAA0200924","3L7RtEcu1Hw3OXrpnthngx"
"Don't Stop Believin'","Journey","Escape (Bonus Track Version)","The Playlist","Playlist","USSM18100116","4bHsxqR3GMrXTxEPLuK5ue"
"I Wanna Dance with Somebody (Who Loves Me)","Whitney Houston","Whitney","The Playlist","Playlist","USAR18700121","2tUBqZG2AbRi7Q0BIrVrEj"
"Beat It","Michael Jackson","Thriller 25 Super Deluxe Edition","The Playlist","Playlist","USSM19902990","1OOtq8tRnDM8kG2gqUPjAj"
"COOL!","deharovirtual","HEAVN","The Playlist","Playlist","QZZ762472957","7KMfIm7gsXICWIPqCAvOmT"
"Breezeblocks","alt-J","An Awesome Wave","The Playlist","Playlist","GBZUZ1200067","1ZLroqJA8qoS5QEeCo0fA7"
"Freaks","Surf Curse","Freaks","The Playlist","Playlist","USAT22102269","7EkWXAI1wn8Ii883ecd9xr"
"Save Me - Remastered 2011","Queen","The Game (2011 Remaster)","The Playlist","Playlist","GBUM71029611","1pBFEy8cz0Fq4Pru0c4awd"
"Girls","Beastie Boys","Licensed To Ill","The Playlist","Playlist","USDJ28600006","5h40ovzXu7rF7Giwb9oXYy"
"Baby Don't Forget My Number","Milli Vanilli","All Or Nothing","The Playlist","Playlist","DED168800001","3t4EJY6cTsb6FyP1EQzajK"
"All That She Wants","Ace of Base","The Sign","The Playlist","Playlist","SEVJH0803401","6kWJvPfC4DgUpRsXKNa9z9"
"I Love Rock 'N Roll","Joan Jett & the Blackhearts","I Love Rock 'N' Roll (Expanded Edition)","The Playlist","Playlist","USBH18100118","2Cdvbe2G4hZsnhNMKyGrie"
"Yours to Keep","Teddybears","Rock 'n' Roll Highschool","The Playlist","Playlist","SEBGB0102100","5N93hk1vAdIorXlYCiBYPv"
"Alien Blues","Vundabar","Gawk","The Playlist","Playlist","USDY41567486","11iIikXxC6NP0Ma8vMD27x"
"Cooler Than Me - Single Mix","Mike Posner","31 Minutes to Takeoff","The Playlist","Playlist","USJAY1000035","34GmTxmlK3TGlmqYCbcQKT"
"Drive By","Train","California 37","The Playlist","Playlist","USSM11106876","0KAiuUOrLTIkzkpfpn9jb9"
"Levels - Radio Edit","Avicii","Levels","The Playlist","Playlist","SEUM71100962","5UqCQaDshqbIk3pkhy4Pjg"
"We Are The People","Empire Of The Sun","Walking On A Dream (10th Anniversary Edition)","The Playlist","Playlist","AUEI10800041","3zEN0ii6s4DHHBpnTp3RP7"
"Eyes Without A Face","Billy Idol","Rebel Yell","The Playlist","Playlist","USCH38400023","0pUVeEgZuNyFzIMKp67RbS"
"Let It Happen","Tame Impala","Currents","The Playlist","Playlist","AUUM71500292","2X485T9Z5Ly0xyaghN73ed"
"Da Da Da ich lieb dich nicht du liebst mich nicht Aha Aha Aha - Lange Version","Trio","Da Da Da","The Playlist","Playlist","DEF078202720","4HCdu48LScraIfJ7Ik7EhE"
"Voyage voyage","Desireless","François","The Playlist","Playlist","DEQ858600201","2d8D7uk3tbAThjRkdfrx9c"
"Everybody Hurts","R.E.M.","Automatic For The People","The Playlist","Playlist","USWB19901548","6PypGyiu0Y2lCDBN1XZEnP"
"Maneater","Daryl Hall & John Oates","H2O","The Playlist","Playlist","USRC10301821","7j74lucZ59vqN67Ipe2ZcY"
"Bitter Sweet Symphony - Remastered 2016","The Verve","Urban Hymns (Super Deluxe / Remastered 2016)","The Playlist","Playlist","GBUM71601816","0Dmao2oWlAZzIBX2Q1B5AH"
"Walk of Life","Dire Straits","Brothers in Arms","The Playlist","Playlist","GBF088500675","423o3ZHIaBtGXyhF1uH41a"
"Can't Get You out of My Head","Kylie Minogue","Fever","The Playlist","Playlist","GBAYE0100913","3E7ZwUMJFqpsDOJzEkBrQ7"
"Big City Life","Mattafix","Signs Of A Struggle","The Playlist","Playlist","GBHTS0500001","0Stkh0VvjWMqQOWNkHVhJq"
"Kiss Me","Sixpence None The Richer","Sixpence None The Richer","The Playlist","Playlist","USEE19900312","754kgU5rWscRTfvlsuEwFp"
"Can't Take My Eyes off You","Frankie Valli","Solo","The Playlist","Playlist","USRH11000238","0bfvHnWWOeU1U5XeKyVLbW"
"Get Knocked Down","H8trid","More Procrastih8ing","The Playlist","Playlist","USCGJ2157884","2jT9ssZwykApSN8hnOXXHF"
"Rock & Roll, Part 2","The Joker & The Thief","Rock & Roll, Part 2","The Playlist","Playlist","USBT21621223","1Kl2DGJ7cNKPMO7eWWsyMU"
"Dream On","Aerosmith","Aerosmith","The Playlist","Playlist","USSM10011897","1xsYj84j7hUDDnTTerGWlH"
"Sleep Walk - Remastered","Santo & Johnny","Sleep Walk (Remastered)","The Playlist","Playlist","ES6602003141","0f7m6yA34PGxDpm3vepU4U"
"CASTLE OF GLASS","Linkin Park","LIVING THINGS","The Playlist","Playlist","USWB11200795","1r1fPuhj9H4VdXr7OK6FL5"
"(Ghost) Riders In The Sky","The Ventures","Another Smash!!!","The Playlist","Playlist","USEM39600463","63Hb7XoQ8JzBiTr1nxp9pH"
"Evergreen","Richy Mitch & The Coal Miners","RMCM","The Playlist","Playlist","SEYOK1732035","6me7F0aaZjwDo6RJ5MrfBD"
"Baianá","Bakermat","The Ringmaster","The Playlist","Playlist","NLE801900440","780be5fB7823aHG06mwTat"
"Way down We Go","KALEO","A/B","The Playlist","Playlist","USAT21502122","0y1QJc3SJVPKJ1OvFmFqe6"
"Have You Ever Seen The Rain","Creedence Clearwater Revival","Pendulum (Expanded Edition)","The Playlist","Playlist","USC4R0817643","2LawezPeJhN4AWuSB0GtAU"
"Suavemente","Elvis Crespo","Suavemente...Los Exitos","The Playlist","Playlist","USSD19700576","1YwPNemawMgGe6sF4U0FTE"
"Here Comes The Sun - Remastered 2009","The Beatles","Abbey Road (Remastered)","The Playlist","Playlist","GBAYE0601696","6dGnYIeXmHdcikdzNNDMm2"
"Maria","Blondie","Greatest Hits","The Playlist","Playlist","USNPD0600031","7bOYOD0d7ByMTXvJnQVl8d"
"Ain't No Sunshine","Bill Withers","The Best Of Bill Withers: Lean On Me","The Playlist","Playlist","USSM10000372","7u8LNgkrmUXGT6JEwiy8Ia"
"Rehab","Amy Winehouse","Back To Black (Deluxe Edition)","The Playlist","Playlist","GBUM70603730","3N4DI1vuTSX1tz7fa2NQZw"
"Hallelujah","Jeff Buckley","Grace","The Playlist","Playlist","USSM19400915","3pRaLNL3b8x5uBOcsgvdqM"
"What'd I Say Part 1 & 2","Ray Charles & Friends","What'd I Say","The Playlist","Playlist","DETL61617661","7KNWwCqDht0FJBnNRReJ1k"
"I Got A Woman","Ray Charles & Friends","What'd I Say","The Playlist","Playlist","DETL61617638","5HTeGnqVAow65hTclxwOMY"
"Electric","Melody Club","Music Machine","The Playlist","Playlist","SEBIA0200157","2AvS4Rk5G6jPAhZwytyF20"
"One Love / People Get Ready","Bob Marley & The Wailers","Exodus","The Playlist","Playlist","GBAAN7790002","7oNgPClUYdscWWHa5PF1gT"
"Too Sweet","Hozier","Unheard","The Playlist","Playlist","IEACJ2300335","3HMY0r2BAdpasXMY8rseR0"
"Ironic","Alanis Morissette","The Collection (Standard Edition)","The Playlist","Playlist","USMV20500296","29YBihzQOmat0U74k4ukdx"
"Unwritten","Natasha Bedingfield","Unwritten","The Playlist","Playlist","GBARL0400707","3U5JVgI2x4rDyHGObzJfNf"
"Strangers","Kenya Grace","The After Taste","The Playlist","Playlist","USWB12305048","593knnQN4REEshx8th9zgK"
"Sonnentanz - Sun Don't Shine","Klangkarussell","Netzwerk","The Playlist","Playlist","DEUM71302894","6Qi0Wls2EaolwPMPMxfe5f"
"Suzie Q","Creedence Clearwater Revival","Creedence Clearwater Revival (Expanded Edition)","The Playlist","Playlist","USC4R0817579","6Jp0GuFxAYbTdre1uUPgaB"
"TiK ToK","Kesha","Animal (Expanded Edition)","The Playlist","Playlist","USRC10900433","0HPD5WQqrq7wPWR7P7Dw1i"
"Infinity 2008 - Klaas Vocal Edit","Guru Josh Project","Infinity 2008","The Playlist","Playlist","DEHD60712073","3aQz0z86zrKjd1mcZlonxE"
"The Logical Song - Remastered 2010","Supertramp","Breakfast In America (Deluxe Edition)","The Playlist","Playlist","USUM71021480","6mHOcVtsHLMuesJkswc0GZ"
"Breakfast In America - Remastered 2010","Supertramp","Breakfast In America (Deluxe Edition)","The Playlist","Playlist","USUM71021483","4a5pNRjwmzYQuEY1E7O6pj"
"Supergirl","Reamonn","Tuesday","The Playlist","Playlist","DEG120000973","3FhNJaCNypOAnZccdYGAWN"
"Dance with Somebody","Mando Diao","Dance with Somebody","The Playlist","Playlist","SEYBD0800402","18vR5qMwAlAHZXE2B5mVCW"
"Down in the Past","Mando Diao","Hurricane Bar","The Playlist","Playlist","SEAMR0400360","2vx5Dc3Zxtd5yGDlh2pAAz"
"Sunshine Reggae","Laid Back","Good Vibes - The Very Best of Laid Back","The Playlist","Playlist","DKABA0002801","0z0JSkE5Nw3i3nin3BBSuG"
"White Horse - 2008 Remaster","Laid Back","Keep Smiling (Remastered Version)","The Playlist","Playlist","DKABA1200327","6mrxHiqJhSR67wAT71ZYI5"
"Fly Away / Walking in the Sunshine - 2008 Remaster","Laid Back","Keep Smiling (Remastered Version)","The Playlist","Playlist","DKABA1200332","39HnpKxGPzP3EUlXvs4VBQ"
"Man in the Mirror","Michael Jackson","HIStory - PAST, PRESENT AND FUTURE - BOOK I","The Playlist","Playlist","USSM18700004","2u2udGmop1z67EPpr91km7"
"Ms. Jackson","Outkast","Stankonia","The Playlist","Playlist","USLF20000357","0I3q5fE6wg7LIfHGngUTnV"
"The Bad Touch","Bloodhound Gang","Hooray For Boobies","The Playlist","Playlist","USIR19902530","5EYdTPdJD74r9EVZBztqGG"
"Me and the Devil","Soap&Skin","Sugarbread","The Playlist","Playlist","BEP011300085","0wrWxW18WK2MkrfDpRHkyh"
"9Pm (Till I Come)","ATB","Movin' Melodies","The Playlist","Playlist","DEN060301020","1CgbwsrNDlFrRuk2ebQ7zr"
"King of My Castle (Roy Malone's King Radio Edit)","Wamdue Project","King Of My Castle (Mixes)","The Playlist","Playlist","USSR39958305","5ov3LhsdEifKENMIlLCuJo"
"Maneater","Nelly Furtado","Loose","The Playlist","Playlist","USUM70601449","4wH4dJgrsxONID6KS2tDQM"
"Stand By Me","Ben E. King","Don't Play That Song","The Playlist","Playlist","USAT20000556","7jmHyHMEqm9MJWiMAneF05"
"Valerie (feat. Amy Winehouse) - Version Revisited","Mark Ronson","Version","The Playlist","Playlist","GBARL0700173","6kopmMZiyLmw7h66uXcXR7"
"Put Your Head On My Shoulder - Remastered","Paul Anka","Paul Anka Sings His Big 15 (Remastered)","The Playlist","Playlist","US73K0300002","6YDDrg8llsRtAgLlIROzZc"
"Flaca","Andrés Calamaro","Alta Suciedad","The Playlist","Playlist","ES5019753004","1p7m9H4H8s0Y7SgRm7j3ED"
"La Guitarra","Los Auténticos Decadentes","Mi Vida Loca","The Playlist","Playlist","ARF039501192","6aPoVnA9UDncMyKgTAicsO"
"La parte de adelante","Andrés Calamaro","Honestidad Brutal","The Playlist","Playlist","ES5019953003","0fHTVPRRKmWaRuIwrsNTMp"
"Cuando no estás","Andrés Calamaro","Bohemio","The Playlist","Playlist","ES5151301067","5kl4FkCUzVa5wicxafa9yc"
"Jailhouse Rock","Elvis Presley","Elvis' Golden Records","The Playlist","Playlist","USRC15705223","4gphxUgq0JSFv2BCLhNDiE"
"Let's Twist Again","Chubby Checker","It's Pony Time/Let's Twist Again","The Playlist","Playlist","USA176140170","1INWPr855fwWdAOeecbu0W"
"Tequila","The Champs","Greatest Hits / Tequila","The Playlist","Playlist","USATV0500278","5gJKsGij5oGt5H5RSFYXPa"
"Daydream","Gunter Kallmann Choir","The Fantastic Sound Of","The Playlist","Playlist","DEN120103358","0F6pFZDlQSiQBWsjQZFbTH"
"I Want To Break Free - Single Remix","Queen","The Works (Deluxe Edition 2011 Remaster)","The Playlist","Playlist","GBUM71029625","2AkmdLbVKS1steeZdy8H1l"
"Live And Let Die - 2018 Remaster","Wings","Red Rose Speedway (Archive Collection)","The Playlist","Playlist","GBCCS1800097","0VV8wkOM4w78A2OHZOTzNP"
"Got My Mind Set on You","George Harrison","Cloud Nine","The Playlist","Playlist","GBEXP0300054","4wswaG5vmNINMZcVBsAyBP"
"Video Killed The Radio Star","The Buggles","The Age Of Plastic","The Playlist","Playlist","GBAAN7900013","7o7E1nrHWncYY7PY94gCiX"
"The Adults Are Talking","The Strokes","The New Abnormal","The Playlist","Playlist","USRC11902726","5ruzrDWcT0vuJIOMW7gMnW"
"Che La Luna Mezzo Mare","Lou Monte","Mediterranean Dinner Party","The Playlist","Playlist","GBBXS2201081","1hzfZTJkeXwfJUiMytRu80"
"Mucho mejor (feat. Coque Malla)","Los Rodriguez","Palabras más, palabras menos","The Playlist","Playlist","ES5019564007","06xLo8Oa53wmBMdWcIsqPL"
"Sin documentos","Los Rodriguez","Sin Documentos","The Playlist","Playlist","ES5019364003","6eOT73H5zfEwTCe1Y0FDCc"
"A Horse with No Name","America","America","The Playlist","Playlist","USWB19901792","54eZmuggBFJbV7k248bTTt"
"Agua","Jarabe De Palo","Depende","The Playlist","Playlist","ES5039800160","5omgFpiMt1CGHjQGfkwzvz"
"La flaca","Jarabe De Palo","La Flaca","The Playlist","Playlist","ES5039600004","2LsbizbOeNa4x6qsi2jAMb"
"De Música Ligera - Remasterizado 2007","Soda Stereo","Canción Animal (Remastered)","The Playlist","Playlist","ARFSB0700930","2lpIh6Gr6HYjg1CFBaucS5"
"Mil Horas - 1994 Remastered Version","Los Abuelos De La Nada","Los Abuelos De La Nada 1 (1994 Remastered Version)","The Playlist","Playlist","ARF099400315","4pHdHimCLvD4nx8lh6uQyx"
"Meet Me Halfway","Black Eyed Peas","THE E.N.D. (THE ENERGY NEVER DIES) [Deluxe Version]","The Playlist","Playlist","USUM70967700","3F9ByoUqu31xU0I3G5xfVg"
"On Melancholy Hill","Gorillaz","Plastic Beach","The Playlist","Playlist","GBAYE1000010","0q6LuUqGLUiCPP1cbdwFs3"
"Bette Davis Eyes","Kim Carnes","Mistaken Identity","The Playlist","Playlist","USCA28100081","0odIT9B9BvOCnXfS0e4lB5"
"I Need A Dollar","Aloe Blacc","Good Things","The Playlist","Playlist","US2S71045001","3oUphdZVPyrsprZ8FgbmQS"
"Six Days - Remix","DJ Shadow","The Fast And The Furious: Tokyo Drift (Original Motion Picture Soundtrack)","The Playlist","Playlist","GBAQH0200041","5j3QqRGflS4o5jbsFSwKW1"
"Too Sweet","Hozier","Unreal Unearth: Unaired","The Playlist","Playlist","IEACJ2300335","19XpFsce28aByvCC4g89tJ"
"Oops!...I Did It Again","Britney Spears","Oops!... I Did It Again","The Playlist","Playlist","USJI10000100","6naxalmIoLFWR0siv8dnQQ"
"Junk Of The Heart (Happy)","The Kooks","Junk Of The Heart","The Playlist","Playlist","GBAAA1100181","2jZgzSxNSg1hTCq0ewWHGJ"
"Someday","The Strokes","Is This It","The Playlist","Playlist","USRC10100769","56NkIxSZZiMpFP5ZNSxtnT"
"Last Nite","The Strokes","Is This It","The Playlist","Playlist","USRC10100765","7kzKAuUzOITUauHAhoMoxA"
"Selfless","The Strokes","The New Abnormal","The Playlist","Playlist","USRC11902727","2t0wwvR15fc3K1ey8OiOaN"
"Uptown Girl","Billy Joel","An Innocent Man","The Playlist","Playlist","USSM18300270","5zA8vzDGqPl2AzZkEYQGKh"
"Wild World","Yusuf / Cat Stevens","Tea For The Tillerman (Remastered 2020)","The Playlist","Playlist","GBUM71905965","7mjSHL2Eb0kAwiKbvNNyD9"
"Killer Queen - Remastered 2011","Queen","Sheer Heart Attack (Deluxe Edition 2011 Remaster)","The Playlist","Playlist","GBUM71029606","4cIPLtg1avt2Jm3ne9S1zy"
"Perfect Day","Lou Reed","Transformer","The Playlist","Playlist","USRC17201946","4TOMI010Sd4ZAX4aZ5TS85"
"Boulevard of Broken Dreams","Green Day","American Idiot (20th Anniversary Deluxe Edition)","The Playlist","Playlist","USRE11200337","0U87auHx1iZTEFcq9KVdmO"
"Without Me","Eminem","The Eminem Show","The Playlist","Playlist","USIR10211038","7lQ8MOhq6IN2w8EYcFNSUk"
"Wouldn't It Be Nice","The Beach Boys","Pet Sounds","The Playlist","Playlist","USCA20000220","4IHc6SzGPnzSPuHVEPzpJc"
"Irgendwie, irgendwo, irgendwann","Nena","Einmal ist keinmal","The Playlist","Playlist","DEE869901718","2KTxKoM4iUYCtuUGGIh9Qu"
"The Emptiness Machine","Linkin Park","From Zero","The Playlist","Playlist","USWB12403464","1EDPVGbyPKJPeGqATwXZvN"
"Paradise City","Guns N' Roses","Appetite For Destruction","The Playlist","Playlist","USGF18714806","6eN1f9KNmiWEhpE2RhQqB5"
"Welcome To The Jungle","Guns N' Roses","Appetite For Destruction","The Playlist","Playlist","USGF18714801","0G21yYKMZoHa30cYVi1iA8"
"Sweet Child O' Mine","Guns N' Roses","Appetite For Destruction","The Playlist","Playlist","USGF18714809","7snQQk1zcKl8gZ92AnueZW"
"Live And Let Die","Wings","Shrek The Third","The Playlist","Playlist","GBCCS0100674","4eQ93dKqNdaxZ3hsH4W3gE"
"Skyfall","Adele","Skyfall","The Playlist","Playlist","GBBKS1200164","6VObnIkLVruX4UVyxWhlqm"
"Call Me","Blondie","Call Me","The Playlist","Playlist","USCH39800016","7HKxTNVlkHsfMLhigmhC0I"
"Rasputin","Majestic","Rasputin","The Playlist","Playlist","DEE862100256","0b18g3G5spr4ZCkz7Y6Q0Q"
"Sunny","Boney M.","Take The Heat Off Me","The Playlist","Playlist","DED168000002","3pf96IFggfQuT6Gafqx2rt"
"La Isla Bonita","Madonna","True Blue","The Playlist","Playlist","USWB19903355","0NJdtoQ3RX5ckBjJlNXhlP"
"Material Girl","Madonna","Like a Virgin","The Playlist","Playlist","USWB10002746","7bkyXSi4GtVfD7itZRUR3e"
"Gloria","Laura Branigan","Branigan","The Playlist","Playlist","USAT28400033","1mskmld5ZKEhRaNvYVPoqZ"
"Deceptacon","Le Tigre","Le Tigre","The Playlist","Playlist","TCABE1211301","5773KSWFzg9kCc8yazjbSt"
"Wish You Were Here","Pink Floyd","Wish You Were Here","The Playlist","Playlist","GBN9Y1100088","6mFkJmJqdDVQ1REhVfGgd1"
"Can't Stop","Red Hot Chili Peppers","By the Way (Deluxe Edition)","The Playlist","Playlist","USWB10201694","3ZOEytgrvLwQaqXreDs2Jx"
"Wish You Were Here","Pink Floyd","Wish You Were Here","The Playlist","Playlist","GBN9Y1100088","6mFkJmJqdDVQ1REhVfGgd1"
"Breathe (In the Air)","Pink Floyd","The Dark Side of the Moon","The Playlist","Playlist","GBN9Y1100077","2ctvdKmETyOzPb2GiJJT53"
"Six Blade Knife","Dire Straits","Dire Straits","The Playlist","Playlist","GBF089601039","2miIOgni3EEut8pvYcxeYn"
"The Time (Dirty Bit)","Black Eyed Peas","The Beginning (Deluxe)","The Playlist","Playlist","USUM71026190","7vWFaMq63AwkFDhS2OAg5u"
"Who Loves The Sun feat. Jo.Ke - Edit","Nu","We Love The Sun (Edit)","The Playlist","Playlist","DEHM81800115","5ObMLQkrprMky3fuOCnFmW"
"Purple Rain","Prince","Purple Rain","The Playlist","Playlist","USWB10001880","1uvyZBs4IZYRebHIB1747m"
"Kashmir - Remaster","Led Zeppelin","Physical Graffiti (Deluxe Edition)","The Playlist","Playlist","USAT21300969","6Vjk8MNXpQpi0F4BefdTyq"
"High and Dry","Radiohead","The Bends","The Playlist","Playlist","GBAYE9400055","2a1iMaoWQ5MnvLFBDv4qkf"
"Sacrifice","Elton John","Sleeping With The Past (Remastered with bonus tracks)","The Playlist","Playlist","GBALX8900001","0e3yhVeNaTfKIWQRw9U9sY"
"Live And Let Die","Guns N' Roses","Use Your Illusion I","The Playlist","Playlist","USGF19141503","0rFWuqFgHAfuzE8uSB9TWR"
"Total Eclipse of the Heart","Bonnie Tyler","The Very Best of Bonnie Tyler","The Playlist","Playlist","GBBBN8300002","7wuJGgpTNzbUyn26IOY6rj"
"It's a Heartache","Bonnie Tyler","Natural Force (Expanded Edition)","The Playlist","Playlist","GBAJE7700003","1Y7VG310Lf5IYP7sVOob4X"
"Bang Bang","Nancy Sinatra","Start Walkin' 1965-1976","The Playlist","Playlist","USASE0500026","1VJ82z9vp7hvBzthdGWtNa"
"Otherside","Red Hot Chili Peppers","Californication (Deluxe Edition)","The Playlist","Playlist","USWB19900693","64BbK9SFKH2jk86U3dGj2P"
"Clint Eastwood","Gorillaz","Gorillaz","The Playlist","Playlist","GBAYE0001408","1RKUoGiLEbcXN4GY4spQDx"
"Viva La Vida","Coldplay","Viva La Vida or Death and All His Friends","The Playlist","Playlist","GBAYE0800265","3Fcfwhm8oRrBvBZ8KGhtea"
"Your Song","Elton John","Elton John","The Playlist","Playlist","GBAMB9500072","38zsOOcu31XbbYj9BIPUF1"
"Can't Take My Eyes Off You - Original Extended Version","Boys Town Gang","Disc Charge","The Playlist","Playlist","NLP431210144","566U7bjbnK0I3RxObVVpA9"
"My Way","Frank Sinatra","My Way (Expanded Edition)","The Playlist","Playlist","USRH10902101","3spdoTYpuCpmq19tuD0bOe"
"Are You Gonna Be My Girl","Jet","Get Born (Deluxe Edition)","The Playlist","Playlist","USEE10340526","72zZfHPYx43shcP3eKkYi5"
"Rivers of Babylon","Boney M.","Nightflight to Venus","The Playlist","Playlist","DED167800006","78His8pbKjbDQF7aX5asgv"
"For What It's Worth","Buffalo Springfield","Buffalo Springfield","The Playlist","Playlist","USEE10170607","1qRA5BS78u3gME0loMl9AA"
"Alright - 2015 Remaster","Supergrass","I Should Coco (20th Anniversary Collector's Edition)","The Playlist","Playlist","GBAYE1500312","05ajrG3EAcIe3j7NuqRV9B"
"My Girl","The Temptations","The Temptations Sing Smokey","The Playlist","Playlist","USMO16490001","745H5CctFr12Mo7cqa1BMH"
"Give A Little Bit","Supertramp","Even In The Quietest Moments","The Playlist","Playlist","USAM19500634","6XUHsYE38CEbYunT983O9G"
"Stuck In The Middle With You","Stealers Wheel","Stealers Wheel","The Playlist","Playlist","GBAAM7200002","3Vby4nGmtbDo7HDJamOWkT"
"Lovers Rock","TV Girl","French Exit","The Playlist","Playlist","USHM21438143","6dBUzqjtbnIa1TwYbyw5CM"
"Hello - Radio Edit","Martin Solveig","Hello","The Playlist","Playlist","FR2PA1000030","6VgrB6MXav4yBLdZWSECDg"
"Angie - Remastered 2009","The Rolling Stones","Goats Head Soup (Remastered 2009)","The Playlist","Playlist","GBUM70909413","1GcVa4jFySlun4jLSuMhiq"
"Feel","Robbie Williams","Escapology","The Playlist","Playlist","GBFFG0200002","2Ms33RTRCT6gArrpcrPxmo"
"Fade To Grey","Visage","Visage","The Playlist","Playlist","USPR38080067","3yobQNuKVJ62WDU7h725Fu"
"Big in Japan","Alphaville","Forever Young","The Playlist","Playlist","DEA629260037","3BZGi1yUqQyCNC868AqUGG"
"Lovely Day","Bill Withers","Menagerie","The Playlist","Playlist","USSM10207844","0bRXwKfigvpKZUurwqAlEh"
"Lean on Me","Bill Withers","Still Bill","The Playlist","Playlist","USSM17200461","3M8FzayQWtkvOhqMn2V4T2"
"The Night We Met","Lord Huron","Strange Trails","The Playlist","Playlist","US53Q1200103","3hRV0jL3vUpRrcy398teAU"
"Kernkraft 400","Zombie Nation","Kernkraft 400 Single Mixes","The Playlist","Playlist","DE-Z20-06-00038","6PUzxtIHkv346yP89NzP9X"
"Yes Sir, I Can Boogie","Baccara","The Collection & Tracklisting","The Playlist","Playlist","DEC760000065","2LScqpywMqGcnum6nNaxXX"
"Hot Stuff","Donna Summer","Bad Girls","The Playlist","Playlist","USPR37907202","2zMJN9JvDlvGP4jB03l1Bz"
"I Want to Know What Love Is - 1999 Remaster","Foreigner","Agent Provocateur","The Playlist","Playlist","USAT29900662","1JLn8RhQzHz3qDqsChcmBl"
"Come On Eileen","Dexys Midnight Runners","Too Rye Ay","The Playlist","Playlist","GBF088200006","3MrWxJaD2AT0W9DjWF64Vm"
"I'm a Believer - 2006 Remaster","The Monkees","More of The Monkees (Deluxe Edition)","The Playlist","Playlist","USRH10651278","3G7tRC24Uh09Hmp1KZ7LQ2"
"Always On My Mind","Elvis Presley","Elvis (Fool)","The Playlist","Playlist","USRC10202061","1B5Tp2Ml9nLlmTSJx8xVfI"
"You Give Love A Bad Name","Bon Jovi","Slippery When Wet (Deluxe Edition)","The Playlist","Playlist","USPR39402224","2TofEeQobQ9YoK7EFds698"
"The Man Who Sold the World - 2015 Remaster","David Bowie","The Man Who Sold the World (2015 Remaster)","The Playlist","Playlist","USJT11500099","4mWahKerLaVddUjb8d1Q4Q"
"What You Won't Do for Love","Bobby Caldwell","What You Won't Do for Love","The Playlist","Playlist","USA370532331","6Dk5fHTvH897XrVzCO64Mx"
"Boogie Wonderland (with The Emotions) - Single Version","Earth, Wind & Fire","I Am","The Playlist","Playlist","USSM19922860","6ztstiyZL6FXzh4aG46ZPD"
"Time After Time","Cyndi Lauper","She's So Unusual","The Playlist","Playlist","USSM18300650","7o9uu2GDtVDr9nsR7ZRN73"
"She","Elvis Costello","Notting Hill","The Playlist","Playlist","USIR29900128","64TGtWC8WLzVt7PamUo9EO"
"Brucia la terra","Gian Campione","Calura","The Playlist","Playlist","ITQ740802324","4QLT2l1AfplAOSfJArS62c"
"Gloria","Umberto Tozzi","Gloria","The Playlist","Playlist","ITR007900051","35tzxthMBglBMjmZ7Fn1hj"
"She's A Rainbow","The Rolling Stones","She's A Rainbow / Dandelion / We Love You","The Playlist","Playlist","USA171810065","6KOtheMY0KN4s9TrQHr9It"
"Ruby Tuesday","The Rolling Stones","Between The Buttons","The Playlist","Playlist","USA176710030","4hupcimlg3UBbW1kAQ6vrT"
"L'appuntamento","Ornella Vanoni","Del Mio Meglio","The Playlist","Playlist","ITB007071645","5PnEkOUOFnk0wMI71JwddQ"
"Get Back - Remastered 2009","The Beatles","Let It Be (Remastered)","The Playlist","Playlist","GBAYE0601719","4MLBqAEzNN89o2M9h92Z26"
"Barbra Streisand - Radio Edit","Duck Sauce","Barbra Streisand","The Playlist","Playlist","GBSXS1000131","1vHKqA0TIL5KtFuMn4Im0Y"
"Afraid To Feel","LF SYSTEM","Afraid To Feel","The Playlist","Playlist","GBAHT2200492","40SBS57su9xLiE1WqkXOVr"
"La Vie en Rose","Roland Cedermark","Jag minns Paris...","The Playlist","Playlist","SEPQM0610530","48pVKi4r8OeNpsaJkU3Qds"
"In2 My Mind - Extended Mix","GhostMasters","In2 My Mind","The Playlist","Playlist","GBKQU2200343","3wDY8wKnu9FeSm4eHCzKlA"
"Sugar - Acoustic","Francesco Yates","Francesco Yates","The Playlist","Playlist","USAT21503464","34hxvwFw9OmXVg3DO27V80"
"Going The Distance - From ""Rocky"" Soundtrack / Remastered 2006","Bill Conti","Rocky (Original Motion Picture Score)","The Playlist","Playlist","USNPD0600583","0WKpYDw1WNmQbFiEURDgeI"
"Mas Que Nada","Sergio Mendes & Brasil '66","Herb Alpert Presents Sergio Mendes & Brasil '66","The Playlist","Playlist","USAM16600001","2AX8asCpJSCGnPVlRIopVa"
"Stuck In The Middle With You","Stealers Wheel","Reservoir Dogs (Soundtrack)","The Playlist","Playlist","GBAAM7200002","08NLAJTO0CBHd2XLHgLxvX"
"Teenagers","My Chemical Romance","The Black Parade","The Playlist","Playlist","USRE10602912","7j31rVgGX9Q2blT92VBEA0"
"The Girl From Ipanema","Stan Getz","Getz/Gilberto (Expanded Edition)","The Playlist","Playlist","USPR36305146","7znjbX9XdoQayIrVNdd50Z"