category,eng,esp,deu,sve,cat
colors,red,rojo,rot,röd,vermell
colors,blue,azul,blau,blå,blau
colors,green,verde,grün,grön,verd
colors,yellow,amarillo,gelb,gul,groc
colors,black,negro,schwarz,svart,negre
colors,white,blanco,weiß,vit,blanc
colors,pink,rosa,rosa,rosa,rosa
colors,purple,morado,lila,lila,morat
colors,gray,gris,grau,grå,gris
colors,brown,marrón,braun,brun,marró
colors,violet,violeta,violett,violett,violeta
colors,indigo,índigo,indigo,indigo,indi
colors,cyan,cian,cyan,cyan,cian
colors,magenta,magenta,magenta,magenta,magenta
colors,beige,beige,beige,beige,beix
colors,maroon,granate,kastanienbraun,rödbrun,granat
colors,turquoise,turquesa,türkis,turkos,turquesa
colors,crimson,carmesí,karmesinrot,karmosinröd,carmesí
colors,scarlet,escarlata,scharlachrot,scharlakansröd,escarlata
colors,lavender,lavanda,lavendel,lavendel,lavanda
colors,olive,oliva,oliv,olivgrön,oliva
colors,coral,coral,koralle,korall,corall
colors,fuchsia,fucsia,fuchsia,fuchsia,fúcsia
colors,light blue,celeste,hellblau,ljusblå,blau cel
colors,amber,ámbar,bernstein,bärnsten,ambre
colors,lilac,lila,flieder,syren,lila
colors,burgundy,burdeos,burgunder,vinröd,bordeus
numbers,zero,cero,null,noll,zero
numbers,one,uno,eins,ett,un
numbers,two,dos,zwei,två,dos
numbers,three,tres,drei,tre,tres
numbers,four,cuatro,vier,fyra,quatre
numbers,five,cinco,fünf,fem,cinc
numbers,six,seis,sechs,sex,sis
numbers,seven,siete,sieben,sju,set
numbers,eight,ocho,acht,åtta,vuit
numbers,nine,nueve,neun,nio,nou
numbers,ten,diez,zehn,tio,deu
numbers,eleven,once,elf,elva,onze
numbers,twelve,doce,zwölf,tolv,dotze
numbers,thirteen,trece,dreizehn,tretton,tretze
numbers,fourteen,catorce,vierzehn,fjorton,catorze
numbers,fifteen,quince,fünfzehn,femton,quinze
numbers,sixteen,dieciséis,sechzehn,sexton,setze
numbers,twenty,veinte,zwanzig,tjugo,vint
numbers,thirty,treinta,dreißig,trettio,trenta
numbers,forty,cuarenta,vierzig,fyrtio,quaranta
numbers,fifty,cincuenta,fünfzig,femtio,cinquanta
numbers,one hundred,cien,einhundert,hundra,cent
numbers,one thousand,mil,eintausend,tusen,mil
numbers,million,millón,million,miljon,milió
numbers,billion,billón,milliarde,miljard,bilió
animals,dog,perro,hund,hund,gos
animals,cat,gato,katze,katt,gat
animals,bird,pájaro,vogel,fågel,ocell
animals,fish,pez,fisch,fisk,peix
animals,lion,león,löwe,lejon,lleó
animals,tiger,tigre,tiger,tiger,tigre
animals,wolf,lobo,wolf,varg,llop
animals,horse,caballo,pferd,häst,cavall
animals,monkey,mono,affe,apa,mico
animals,snake,serpiente,schlange,orm,serp
animals,eagle,águila,adler,örn,àguila
animals,butterfly,mariposa,schmetterling,fjäril,papallona
animals,cow,vaca,kuh,ko,vaca
animals,pig,cerdo,schwein,gris,porc
animals,sheep,oveja,schaf,får,ovella
animals,chicken,pollo,huhn,kyckling,pollastre
animals,duck,pato,ente,anka,ànec
animals,mouse,ratón,maus,mus,ratolí
animals,rat,rata,ratte,råtta,rata
animals,elephant,elefante,elefant,elefant,elefant
animals,giraffe,jirafa,giraffe,giraff,girafa
animals,zebra,cebra,zebra,zebra,zebra
animals,shark,tiburón,hai,haj,tauró
animals,whale,ballena,wal,val,balena
animals,dolphin,delfín,delfin,delfin,dofí
animals,spider,araña,spinne,spindel,aranya
animals,bee,abeja,biene,bi,abella
animals,ant,hormiga,ameise,myra,formiga
animals,rabbit,conejo,kaninchen,kanin,conill
animals,deer,ciervo,hirsch,hjort,cérvol
animals,fox,zorro,fuchs,räv,guineu
animals,frog,rana,frosch,groda,granota
animals,bat,murciélago,fledermaus,fladdermus,ratpenat
animals,owl,búho,eule,uggla,mussol
animals,penguin,pingüino,pinguin,pingvin,pingüí
animals,turtle,tortuga,schildkröte,sköldpadda,tortuga
animals,crocodile,cocodrilo,krokodil,krokodil,cocodril
animals,dove,paloma,taube,duva,colom
animals,crow,cuervo,krähe,kråka,corb
animals,hawk,halcón,falke,hök,falcó
animals,panther,pantera,panther,panter,pantera
animals,bear,oso,bär,björn,ós
animals,camel,camello,kamel,kamel,camell
animals,swan,cisne,schwan,svan,cigne
animals,seal,foca,robbe,säl,foca
animals,gorilla,gorila,gorilla,gorilla,goril·la
animals,parrot,loro,papagei,papegoja,lloro
food_drinks,water,agua,wasser,vatten,aigua
food_drinks,wine,vino,wein,vin,vi
food_drinks,beer,cerveza,bier,öl,cervesa
food_drinks,coffee,café,kaffee,kaffe,cafè
food_drinks,tea,té,tee,te,te
food_drinks,whiskey,whisky,whiskey,whisky,whisky
food_drinks,apple,manzana,apfel,äpple,poma
food_drinks,banana,plátano,banane,banan,plàtan
food_drinks,bread,pan,brot,bröd,pa
food_drinks,sugar,azúcar,zucker,socker,sucre
food_drinks,honey,miel,honig,honung,mel
food_drinks,milk,leche,milch,mjölk,llet
food_drinks,candy,caramelo,süßigkeiten,godis,caramel
food_drinks,pizza,pizza,pizza,pizza,pizza
food_drinks,hamburger,hamburguesa,hamburger,hamburgare,hamburguesa
food_drinks,cheese,queso,käse,ost,formatge
food_drinks,meat,carne,fleisch,kött,carn
food_drinks,rice,arroz,reis,ris,arròs
food_drinks,potato,patata,kartoffel,potatis,patata
food_drinks,tomato,tomate,tomate,tomat,tomàquet
food_drinks,cake,pastel,kuchen,kaka,pastís
food_drinks,chocolate,chocolate,schokolade,choklad,xocolata
food_drinks,juice,zumo,saft,juice,suc
food_drinks,soda,refresco,limonade,läsk,refresc
food_drinks,vodka,vodka,wodka,vodka,vodka
food_drinks,rum,ron,rum,rom,rom
food_drinks,champagne,champán,champagner,champagne,xampany
food_drinks,tequila,tequila,tequila,tequila,tequila
food_drinks,ice,hielo,eis,is,gel
food_drinks,cream,crema,sahne,grädde,crema
food_drinks,lemon,limón,zitrone,citron,llimona
food_drinks,strawberry,fresa,erdbeere,jordgubbe,maduixa
food_drinks,grape,uva,traube,druva,raïm
food_drinks,cherry,cereza,kirsche,körsbär,cirera
food_drinks,salt,sal,salz,salt,sal
food_drinks,pepper,pimienta,pfeffer,peppar,pebre
food_drinks,soup,sopa,suppe,soppa,sopa
food_drinks,salad,ensalada,salat,sallad,amanida
food_drinks,gin,ginebra,gin,gin,ginebra
food_drinks,liquor,licor,likör,sprit,licor
food_drinks,peach,melocotón,pfirsich,persika,préssec
food_drinks,melon,melón,melone,melon,meló
food_drinks,pasta,pasta,pasta,pasta,pasta
food_drinks,egg,huevo,ei,ägg,ou
food_drinks,butter,mantequilla,butter,smör,mantega
food_drinks,oil,aceite,öl,olja,oli
food_drinks,vinegar,vinagre,essig,vinäger,vinagre
food_drinks,cookie,galleta,keks,kaka,galeta
food_drinks,cocktail,cóctel,cocktail,cocktail,còctel
body_parts,neck,cuello,hals,nacke,coll
body_parts,back,espalda,rücken,rygg,esquena
body_parts,chest,pecho,brust,bröst,pit
body_parts,shoulders,hombros,schultern,axlar,espatlles
body_parts,knees,rodillas,knie,knän,genolls
body_parts,fingers,dedos,finger,fingrar,dits
body_parts,tongue,lengua,zunge,tunga,llengua
body_parts,ears,orejas,ohren,öron,orelles
body_parts,nose,nariz,nase,näsa,nas
body_parts,stomach,estómago,magen,mage,estómac
body_parts,throat,garganta,kehle,hals,gola
body_parts,wrist,muñeca,handgelenk,handled,canell
body_parts,ankle,tobillo,knöchel,ankel,turmell
body_parts,waist,cintura,taille,midja,cintura
body_parts,brain,cerebro,gehirn,hjärna,cervell
body_parts,muscle,músculo,muskel,muskel,múscul
body_parts,heart,corazón,herz,hjärta,cor
body_parts,eyes,ojos,augen,ögon,ulls
body_parts,face,cara,gesicht,ansikte,cara
body_parts,hands,manos,hände,händer,mans
body_parts,hair,pelo,haare,hår,cabell
body_parts,lips,labios,lippen,läppar,llavis
body_parts,arms,brazos,arme,armar,braços
body_parts,legs,piernas,beine,ben,cames
body_parts,mind,mente,verstand,sinne,ment
body_parts,skin,piel,haut,hud,pell
body_parts,bones,huesos,knochen,ben,ossos
body_parts,blood,sangre,blut,blod,sang
body_parts,head,cabeza,kopf,huvud,cap
body_parts,feet,pies,füße,fötter,peus
body_parts,nail,uña,nagel,nagel,ungla
body_parts,tooth,diente,zahn,tand,dent
body_parts,mouth,boca,mund,mun,boca
body_parts,soul,alma,seele,själ,ànima
weather_nature,rain,lluvia,regen,regn,pluja
weather_nature,sun,sol,sonne,sol,sol
weather_nature,wind,viento,wind,vind,vent
weather_nature,storm,tormenta,sturm,storm,tempesta
weather_nature,fire,fuego,feuer,eld,foc
weather_nature,snow,nieve,schnee,snö,neu
weather_nature,thunder,trueno,donner,åska,tro
weather_nature,lightning,relámpago,blitz,blixt,llamp
weather_nature,cloud,nube,wolke,moln,núvol
weather_nature,ice,hielo,eis,is,gel
weather_nature,star,estrella,stern,stjärna,estrella
weather_nature,moon,luna,mond,måne,lluna
weather_nature,planet,planeta,planet,planet,planeta
weather_nature,galaxy,galaxia,galaxie,galax,galàxia
weather_nature,universe,universo,universum,universum,univers
weather_nature,breeze,brisa,brise,bris,brisa
weather_nature,fog,niebla,nebel,dimma,boira
weather_nature,hurricane,huracán,hurrikan,orkan,huracà
weather_nature,tornado,tornado,tornado,tornado,tornado
weather_nature,volcano,volcán,vulkan,vulkan,volcà
weather_nature,earthquake,terremoto,erdbeben,jordbävning,terratrèmol
weather_nature,tsunami,tsunami,tsunami,tsunami,tsunami
weather_nature,desert,desierto,wüste,öken,desert
weather_nature,forest,bosque,wald,skog,bosc
weather_nature,jungle,selva,dschungel,djungel,selva
weather_nature,ocean,océano,ozean,ocean,oceà
weather_nature,sea,mar,meer,hav,mar
weather_nature,river,río,fluss,flod,riu
weather_nature,lake,lago,see,sjö,llac
weather_nature,mountain,montaña,berg,berg,muntanya
weather_nature,sand,arena,sand,sand,sorra
weather_nature,earth,tierra,erde,jord,terra
weather_nature,sky,cielo,himmel,himmel,cel
weather_nature,wave,ola,welle,våg,ona
weather_nature,flower,flor,blume,blomma,flor
weather_nature,tree,árbol,baum,träd,arbre
weather_nature,stone,piedra,stein,sten,pedra
weather_nature,dust,polvo,staub,damm,pols
weather_nature,light,luz,licht,ljus,llum
weather_nature,shadow,sombra,schatten,skugga,ombra
humans_family,baby,bebé,baby,bebis,nadó
humans_family,friend,amigo,freund,vän,amic
humans_family,mother,madre,mutter,mamma,mare
humans_family,father,padre,vater,pappa,pare
humans_family,mom,mamá,mama,mamma,mamà
humans_family,dad,papá,papa,pappa,papà
humans_family,brother,hermano,bruder,bror,germà
humans_family,sister,hermana,schwester,syster,germana
humans_family,boy,chico,junge,pojke,noi
humans_family,girl,chica,mädchen,flicka,noia
humans_family,man,hombre,mann,man,home
humans_family,woman,mujer,frau,kvinna,dona
humans_family,son,hijo,sohn,son,fill
humans_family,daughter,hija,tochter,dotter,filla
humans_family,grandfather,abuelo,großvater,farfar,avi
humans_family,grandmother,abuela,großmutter,farmor,àvia
humans_family,grandson,nieto,enkel,sonson,nét
humans_family,granddaughter,nieta,enkelin,sondotter,néta
humans_family,uncle,tío,onkel,farbror,oncle
humans_family,aunt,tía,tante,faster,tia
humans_family,cousin,primo,cousin,kusin,cosí
humans_family,nephew,sobrino,neffe,brorson,nebot
humans_family,niece,sobrina,nichte,brorsdotter,neboda
humans_family,husband,esposo,ehemann,make,marit
humans_family,wife,esposa,ehefrau,fru,esposa
humans_family,girlfriend,novia,freundin,flickvän,nòvia
humans_family,boyfriend,novio,freund,pojkvän,nòvio
humans_family,king,rey,könig,kung,rei
humans_family,queen,reina,königin,drottning,reina
humans_family,boss,jefe,chef,chef,cap
humans_family,god,dios,gott,gud,déu
humans_family,angel,ángel,engel,ängel,àngel
humans_family,enemy,enemigo,feind,fiende,enemic
emotions_feelings,love,amor,liebe,kärlek,amor
emotions_feelings,hate,odio,hass,hat,odi
emotions_feelings,happy,feliz,glücklich,glad,feliç
emotions_feelings,sad,triste,traurig,ledsen,trist
emotions_feelings,smile,sonrisa,lächeln,leende,somriure
emotions_feelings,cry,llorar,weinen,gråta,plorar
emotions_feelings,tears,lágrimas,tränen,tårar,llàgrimes
emotions_feelings,joy,alegría,freude,glädje,alegria
emotions_feelings,pain,dolor,schmerz,smärta,dolor
emotions_feelings,fear,miedo,angst,rädsla,por
emotions_feelings,anger,ira,wut,ilska,ira
emotions_feelings,crazy,loco,verrückt,galen,boig
emotions_feelings,angry,enojado,wütend,arg,enfadat
emotions_feelings,kiss,beso,kuss,kyss,petó
emotions_feelings,hug,abrazo,umarmung,kram,abraçada
emotions_feelings,surprise,sorpresa,überraschung,överraskning,sorpresa
emotions_feelings,disgust,asco,ekel,avsky,fàstic
emotions_feelings,boredom,aburrimiento,langeweile,uttråkning,avorriment
emotions_feelings,laugh,reír,lachen,skratta,riure
emotions_feelings,scream,gritar,schreien,skrika,cridar
emotions_feelings,passion,pasión,leidenschaft,passion,passió
emotions_feelings,madness,locura,wahnsinn,galenskap,bogeria
emotions_feelings,jealousy,celos,eifersucht,svartsjuka,gelosia
emotions_feelings,peace,paz,frieden,fred,pau
emotions_feelings,guilt,culpa,schuld,skuld,culpa
emotions_feelings,pride,orgullo,stolz,stolthet,orgull
emotions_feelings,sorrow,pena,kummer,sorg,pena
emotions_feelings,luck,suerte,glück,tur,sort
emotions_feelings,desire,deseo,verlangen,begär,desig
emotions_feelings,faith,fe,glaube,tro,fe
places_locations,house,casa,haus,hus,casa
places_locations,street,calle,straße,gata,carrer
places_locations,city,ciudad,stadt,stad,ciutat
places_locations,world,mundo,welt,värld,món
places_locations,bed,cama,bett,säng,llit
places_locations,room,habitación,zimmer,rum,habitació
places_locations,bar,bar,bar,bar,bar
places_locations,club,club,club,klubb,club
places_locations,beach,playa,strand,strand,platja
places_locations,neighborhood,barrio,nachbarschaft,grannskap,barri
places_locations,town,pueblo,stadt,stad,poble
places_locations,country,país,land,land,país
places_locations,heaven,cielo,himmel,himmel,cel
places_locations,hell,infierno,hölle,helvete,infern
places_locations,disco,discoteca,disco,disko,discoteca
places_locations,hotel,hotel,hotel,hotell,hotel
places_locations,school,escuela,schule,skola,escola
places_locations,jail,cárcel,gefängnis,fängelse,presó
places_locations,hospital,hospital,krankenhaus,sjukhus,hospital
places_locations,church,iglesia,kirche,kyrka,església
places_locations,corner,esquina,ecke,hörn,cantonada
transport,car,coche,auto,bil,cotxe
transport,train,tren,zug,tåg,tren
transport,plane,avión,flugzeug,flygplan,avió
transport,ship,barco,schiff,fartyg,vaixell
transport,boat,bote,boot,båt,barca
transport,truck,camión,lkw,lastbil,camió
transport,bicycle,bicicleta,fahrrad,cykel,bicicleta
transport,flight,vuelo,flug,flyg,vol
transport,bus,autobús,bus,buss,autobús
transport,taxi,taxi,taxi,taxi,taxi
transport,subway,metro,u-bahn,tunnelbana,metro
transport,motorcycle,moto,motorrad,motorcykel,moto
transport,tram,tranvía,straßenbahn,spårvagn,tramvia
transport,helicopter,helicóptero,hubschrauber,helikopter,helicòpter
transport,van,furgoneta,transporter,skåpbil,furgoneta
transport,ambulance,ambulancia,krankenwagen,ambulans,ambulància
transport,tractor,tractor,traktor,traktor,tractor
transport,scooter,patinete,roller,sparkcykel,patinet
transport,yacht,yate,yacht,yacht,iot
transport,submarine,submarino,u-boot,ubåt,submarí
transport,spaceship,nave,raumschiff,rymdskepp,nau espacial
transport,rocket,cohete,rakete,raket,coet
time_seasons,monday,lunes,montag,måndag,dilluns
time_seasons,tuesday,martes,dienstag,tisdag,dimarts
time_seasons,wednesday,miércoles,mittwoch,onsdag,dimecres
time_seasons,thursday,jueves,donnerstag,torsdag,dijous
time_seasons,friday,viernes,freitag,fredag,divendres
time_seasons,saturday,sábado,samstag,lördag,dissabte
time_seasons,sunday,domingo,sonntag,söndag,diumenge
time_seasons,january,enero,januar,januari,gener
time_seasons,february,febrero,februar,februari,febrer
time_seasons,march,marzo,märz,mars,març
time_seasons,april,abril,april,april,abril
time_seasons,may,mayo,mai,maj,maig
time_seasons,june,junio,juni,juni,juny
time_seasons,july,julio,juli,juli,juliol
time_seasons,august,agosto,august,augusti,agost
time_seasons,september,septiembre,september,september,setembre
time_seasons,october,octubre,oktober,oktober,octubre
time_seasons,november,noviembre,november,november,novembre
time_seasons,december,diciembre,dezember,december,desembre
time_seasons,summer,verano,sommer,sommar,estiu
time_seasons,winter,invierno,winter,vinter,hivern
time_seasons,spring,primavera,frühling,vår,primavera
time_seasons,autumn,otoño,herbst,höst,tardor
time_seasons,year,año,jahr,år,any
time_seasons,month,mes,monat,månad,mes
time_seasons,week,semana,woche,vecka,setmana
time_seasons,day,día,tag,dag,dia
time_seasons,hour,hora,stunde,timme,hora
time_seasons,minute,minuto,minute,minut,minut
time_seasons,second,segundo,sekunde,sekund,segon
time_seasons,dawn,madrugada,morgengrauen,gryning,matinada
time_seasons,morning,mañana,morgen,morgon,matí
time_seasons,afternoon,tarde,nachmittag,eftermiddag,tarda
time_seasons,night,noche,nacht,natt,nit
time_seasons,midnight,medianoche,mitternacht,midnatt,mitjanit
time_seasons,century,siglo,jahrhundert,århundrade,segle
time_seasons,decade,década,jahrzehnt,årtionde,dècada
time_seasons,yesterday,ayer,gestern,igår,ahir
time_seasons,today,hoy,heute,idag,avui
time_seasons,tomorrow,mañana,morgen,imorgon,demà
time_seasons,always,siempre,immer,alltid,sempre
time_seasons,never,nunca,nie,aldrig,mai
time_seasons,early,temprano,früh,tidigt,d'hora
time_seasons,soon,pronto,bald,snart,aviat
clothes,shoes,zapatos,schuhe,skor,sabates
clothes,dress,vestido,kleid,klänning,vestit
clothes,shirt,camisa,hemd,skjorta,camisa
clothes,jeans,vaqueros,jeans,jeans,texans
clothes,jacket,chaqueta,jacke,jacka,jaqueta
clothes,coat,abrigo,mantel,rock,abric
clothes,hat,sombrero,hut,hatt,barret
clothes,boots,botas,stiefel,stövlar,botes
clothes,suit,traje,anzug,kostym,vestit
clothes,pants,pantalones,hose,byxor,pantalons
clothes,skirt,falda,rock,kjol,faldilla
clothes,blouse,blusa,bluse,blus,brusa
clothes,sweater,jersey,pullover,tröja,jersei
clothes,socks,calcetines,socken,strumpor,mitjons
clothes,scarf,bufanda,schal,halsduk,bufanda
clothes,gloves,guantes,handschuhe,handskar,guants
clothes,belt,cinturón,gürtel,bälte,cinturó
clothes,tie,corbata,krawatte,slips,corbata
clothes,pajamas,pijama,schlafanzug,pyjamas,pijama
clothes,swimsuit,bañador,badeanzug,baddräkt,banyador
clothes,sneakers,zapatillas,turnschuhe,sneakers,sabatilles
clothes,glasses,gafas,brille,glasögon,ulleres
clothes,ring,anillo,ring,ring,anell
clothes,necklace,collar,halskette,halsband,collaret
clothes,bag,bolso,tasche,väska,bossa
clothes,watch,reloj,uhr,klocka,rellotge
clothes,chain,cadena,kette,kedja,cadena
clothes,jewel,joya,juwel,juvel,joia
directions,up,arriba,oben,upp,dalt
directions,down,abajo,unten,ner,baix
directions,left,izquierda,links,vänster,esquerra
directions,right,derecha,rechts,höger,dreta
directions,north,norte,norden,norr,nord
directions,south,sur,süden,söder,sud
directions,west,oeste,westen,väster,oest
directions,east,este,osten,öster,est
directions,high,alto,hoch,hög,alt
directions,low,bajo,niedrig,låg,baix
directions,center,centro,mitte,mitten,centre
directions,inside,dentro,innen,inne,dins
directions,outside,fuera,außen,ute,fora
directions,forward,adelante,vorwärts,framåt,endavant
directions,backward,atrás,rückwärts,bakåt,enrere
directions,near,cerca,nah,nära,a prop
directions,far,lejos,fern,långt,lluny
directions,front,frente,vorne,fram,davant
directions,back,fondo,hinten,bak,darrere
directions,above,encima,über,ovanför,sobre
directions,below,debajo,unter,under,sota
swear_words,fuck,joder,ficken,fan,joder
swear_words,shit,mierda,scheiße,skit,merda
swear_words,bitch,perra,schlampe,fitta,puta
swear_words,damn,maldición,verdammt,jävlar,maleït
swear_words,hell,infierno,hölle,helvete,infern
swear_words,ass,culo,arsch,röv,cul
swear_words,bastard,bastardo,bastard,jävel,bastard
swear_words,trash,basura,müll,skräp,brossa
swear_words,dick,polla,schwanz,kuk,polla
swear_words,cunt,coño,fotze,fitta,cony
swear_words,slut,zorra,nutte,slampa,bagassa
swear_words,whore,puta,hure,hora,puta
swear_words,jerk,capullo,wichser,skitstövel,capullo
swear_words,dumbass,pendejo,vollidiot,pucko,ximple
swear_words,asshole,gilipollas,arschloch,arsle,gilipolles
swear_words,motherfucker,cabrón,mistkerl,svin,cabró